bookQID,bookLabel,authorLabel,publisherLabel,countryLabel,year,genreLabel,pageCount,languageLabel,literaryMovementLabel
Q137211943,The Zepherous Chronicles Episode II: Cantera,Z.N. Cruz,Westwind | Connors Publishing,,2026,,,американский вариант английского языка,
Q133859185,Isles of the Emberdark,Брендон Сандерсон,Dragonsteel Entertainment,США,2025,,,английский язык,
Q134276191,The Rose Field,Филип Пулман,David Fickling Books,Великобритания,2025,,,английский язык,
Q130747286,A Crane Among Wolves,June Hur,Feiwel and Friends,,2024,,,,
Q130731650,Ghostsmith,Nicki Pau Preto,Margaret K. McElderry Books,,2024,,,,
Q134396141,The Millicent Quibb School of Etiquette for Young Ladies of Mad Science,Кейт Маккиннон,"Little, Brown and Company",США,2024,,,,
Q124646769,The world-famous Nine,Ben Guterson,"Little, Brown and Company",США,2024,,,английский язык,
Q136406433,A Song For Nightfall,Alexander Linton,Alexander Linton,,2023,,,английский язык,
Q130731629,Bonesmith,Nicki Pau Preto,Margaret K. McElderry Books,,2023,,,,
Q130757888,Consort of Fire,Kit Rocha,Montlake,,2023,,,,
Q117600055,Dazzling,Chikodili Emelumadu,The Overlook Press,США,2023,,,английский язык,
Q125174577,Emily Wilde's Encyclopaedia of Faeries,Heather M. Fawcett,Del Rey Books,,2023,,,английский язык,
Q117050872,Murtagh,Кристофер Паолини,Alfred A. Knopf,США,2023,,,английский язык,
Q122834958,The Adventures of Amina al-Sirafi,Шеннон Чакраборти,HarperVoyager,,2023,,,английский язык,
Q124171334,The Belvie Saga,Tore Mangseth,Calidris,,2023,,,букмол,
Q120134887,The Chalice of the Gods,Рик Риордан,Disney Publishing Worldwide,США,2023,,,английский язык,
Q125599452,The Legacy of Yangchen,F. C. Yee,Amulet Books,,2023,,336,английский язык,
Q131339653,The Mountain of Souls,Marcus Lee,Kindle Direct Publishing,США,2023,,,английский язык,
Q124635904,Threads that bind,Kika Hatzopoulou,Razorbill,США,2023,,,английский язык,
Q124525768,Warrior of the Wind,Suyi Davies Okungbowa,Hachette Book Group,США,2023,,,,
Q119857670,Q119857670,Radek Rak,Powergraph,Польша,2022,,,польский язык,
Q131339602,A Tale of Love and Cinders,Finn Aspenson,Kindle Direct Publishing,США,2022,,453,английский язык,
Q123227895,Crowbones,Anne Bishop,Ace Books,США,2022,,,английский язык,
Q130747162,One Dark Window,Rachel Gillig,Orbit Books,,2022,,,,
Q131338807,The Child of Stars,Finn Aspenson,Kindle Direct Publishing,США,2022,,443,английский язык,
Q111487650,The Dawn of Yangchen,F. C. Yee,Amulet Books,,2022,,336,английский язык,
Q115682963,The Very Secret Society of Irregular Witches,Sangu Mandanna,Berkley Books,США,2022,,,английский язык,
Q114993385,"No Gods, No Monsters",Cadwell Turnbull,Blackwell Publishing,Великобритания,2021,,,английский язык,
Q106475086,Peaces,Хелен Ойейеми,Riverhead Books,США,2021,,,английский язык,
Q109392397,Soulstar,C. L. Polk,Tor Books,США,2021,,,английский язык,
Q108819577,The Last Graduate,Наоми Новик,Del Rey Books,,2021,,,английский язык,
Q106630533,Какие большие зубки,Rose Szabo,"Farrar, Straus and Giroux",США,2021,,,английский язык,
Q109353738,Мистер Невозможность,Мэгги Стивотер,Scholastic Corporation,США,2021,,,американский вариант английского языка,
Q107392556,Рыцарь Янка и королевна Милана,"Грушецкий, Олег Леонидович",Четыре четверти,,2021,,,белорусский язык,
Q105667361,Q105667361,Morgan of Glencoe,Q2823766,,2020,,,французский язык,
Q97226770,Q97226770,различные авторы,Q108101752,Испания,2020,,,Галисийско-астурийский язык,
Q97226770,Q97226770,различные авторы,Q108101752,Испания,2020,,,астурийский язык,
Q97226770,Q97226770,различные авторы,Q108101752,Испания,2020,,,испанский язык,
Q104190017,A Deadly Education,Наоми Новик,Del Rey Books,,2020,,,английский язык,
Q111170068,A Song of Wraiths and Ruin,Roseanne A. Brown,HarperCollins,США,2020,,,английский язык,
Q130731579,Heart of Flames,Nicki Pau Preto,Simon Pulse,,2020,,,,
Q116965697,Hollow Empire,Sam Hawke,Tordotcom Publishing,,2020,,,английский язык,
Q74872886,Lent,Джо Уолтон,Tor Books,США,2020,,,английский язык,
Q107366105,Shorefall,Роберт Джексон Беннетт,Penguin Random House,США,2020,,,английский язык,
Q109391215,Stormsong,C. L. Polk,Tor Books,США,2020,,,английский язык,
Q115477961,The Atlas Six,Olivie Blake,Tor Books,США,2020,,416,английский язык,
Q115477961,The Atlas Six,Olivie Blake,самостоятельная публикация,,2020,,416,английский язык,
Q103623505,The Bard's Blade,Brian D. Anderson,Tor Books,США,2020,,432,английский язык,
Q107404757,The Invisible Life of Addie LaRue,Виктория Шваб,Tor Books,США,2020,,448,английский язык,
Q104599593,The Missing Prince,Джон Флэнеган,Penguin Books,Великобритания,2020,,,английский язык,
Q99472092,The Orphans of Raspay,Лоис Макмастер Буджолд,Subterranean Press,США,2020,,,английский язык,
Q109077134,The Physicians of Vilnoc,Лоис Макмастер Буджолд,Subterranean Press,США,2020,,,английский язык,
Q106652423,Tristan Strong Destroys the World,Kwame Mbalia,Hachette,Франция,2020,,,английский язык,
Q102036136,Золотая цепь,Кассандра Клэр,Simon & Schuster,США,2020,,,английский язык,
Q130753629,Небо после бури,Sabaa Tahir,Razorbill,США,2020,,,,
Q106814534,Полночная библиотека,Мэтт Хейг,Viking Press,США,2020,,,английский язык,
Q1052268,Солнце полуночи,Стефани Майер,"Little, Brown and Company",США,2020,,,английский язык,
Q107016738,Школа Добра и Зла. Единственный истинный король,Соман Чайнани,HarperCollins,США,2020,,,английский язык,
Q130731575,Crown of Feathers,Nicki Pau Preto,Margaret K. McElderry Books,,2019,,,,
Q130731575,Crown of Feathers,Nicki Pau Preto,Simon Pulse,,2019,,,,
Q110275795,Empire of Wild,Cherie Dimaline,Random House of Canada,,2019,,,английский язык,
Q126687139,Find Me,Тахира Мафи,HarperCollins UK,Великобритания,2019,,,английский язык,
Q77430126,Gods of Jade and Shadow,Silvia Moreno-Garcia,Del Rey Books,,2019,,,английский язык,
Q106085440,Gwendy's Magic Feather,Ричард Чизмар,Cemetery Dance Publications,США,2019,,,английский язык,
Q105658408,In the Shadow of Paris,Morgan of Glencoe,Q2823766,,2019,,435,французский язык,
Q130404895,Is It Wrong to Try to Pick Up Girls in a Dungeon? Familia Chronicle: Episode Freya,Фудзино Омори,GA Bunko,,2019,,,японский язык,
Q74872886,Lent,Джо Уолтон,Tor Books,США,2019,,,английский язык,
Q101206320,The Deep,Rivers Solomon,Gallery Press,,2019,,,английский язык,
Q101206320,The Deep,Давид Диггс,Gallery Press,,2019,,,английский язык,
Q101206320,The Deep,Rivers Solomon,Saga Press,,2019,,,английский язык,
Q101206320,The Deep,Давид Диггс,Saga Press,,2019,,,английский язык,
Q104865008,The Haunting of Tram Car 015,Ф. Джели Кларк,Tordotcom Publishing,,2019,,,английский язык,
Q99472092,The Orphans of Raspay,Лоис Макмастер Буджолд,Subterranean Press,США,2019,,,английский язык,
Q65042675,The Priory of the Orange Tree,Samantha Shannon,Bloomsbury Publishing,Великобритания,2019,,,английский язык,
Q62699321,The Prisoner of Limnos,Лоис Макмастер Буджолд,Subterranean Press,США,2019,,,английский язык,
Q93552114,The Ten Thousand Doors of January,Alix E. Harrow,Orbit Books,,2019,,,английский язык,
Q133838388,The Trans Space Octopus Congregation: Stories,Боги Такач,Lethe Press,США,2019,,,английский язык,
Q103960880,The Vale : Beyond the Vale,Brian D. Anderson,Brian D. Anderson,,2019,,398,английский язык,
Q104835609,Tristan Strong Punches a Hole in the Sky,Kwame Mbalia,Hyperion Books,США,2019,,,английский язык,
Q131183790,Weathering With You,Макото Синкай,Kadokawa Sneaker Bunko,,2019,,,японский язык,
Q63098806,Wild Country,Anne Bishop,Ace Books,США,2019,,,английский язык,
Q102036200,Король шрамов,Ли Бардуго,импринт,,2019,,,английский язык,
Q42306032,Тайное содружество,Филип Пулман,David Fickling Books,Великобритания,2019,,,английский язык,
Q53152820,Children of Blood and Bone,Tomi Adeyemi,Henry Holt and Company,США,2018,,,английский язык,
Q116966504,City of Lies,Sam Hawke,Tordotcom Publishing,,2018,,,,
Q123358362,Danielle Cain,Margaret Killjoy,Tordotcom Publishing,,2018,,,,
Q60862412,Duel At Araluen,Джон Флэнеган,Random House,США,2018,,,английский язык,
Q54917502,Lake Silence,Anne Bishop,Ace Books,США,2018,,,английский язык,
Q62606565,Mira's Last Dance,Лоис Макмастер Буджолд,Subterranean Press,США,2018,,,английский язык,
Q56281235,The Red Fox Clan,Джон Флэнеган,Random House,США,2018,,,английский язык,
Q103959970,The Vale : Behind the Vale,Brian D. Anderson,Brian D. Anderson,,2018,,326,английский язык,
Q60754469,"Вилка, ведьма и дракон",Кристофер Паолини,Penguin Random House,США,2018,,,английский язык,
Q47008389,Жестокий принц,Холли Блэк,"Little, Brown and Company",США,2018,,,английский язык,
Q54488394,Испытания Аполлона. Горящий лабиринт,Рик Риордан,Disney Publishing Worldwide,США,2018,,,английский язык,
Q63165023,Каждая мёртвая мечта,Роберт М. Вегнер,Powergraph,Польша,2018,,,польский язык,
Q109289813,Кровавая Роза,Nicholas Eames,Orbit Books,,2018,,,английский язык,
Q102070055,Akata Warrior,Ннеди Окорафор,Viking Press,США,2017,,,английский язык,
Q123358362,Danielle Cain,Margaret Killjoy,Tordotcom Publishing,,2017,,,,
Q103969195,Dragonbane,Brian D. Anderson,Brian D. Anderson,,2017,,388,английский язык,
Q104007861,Dragonvein Book Five,Brian D. Anderson,Brian D. Anderson,,2017,,,английский язык,
Q102176845,Is It Wrong to Try to Pick Up Girls in a Dungeon? Familia Chronicle: Episode Ryū,Фудзино Омори,GA Bunko,,2017,,,японский язык,
Q62606565,Mira's Last Dance,Лоис Макмастер Буджолд,Subterranean Press,США,2017,,,английский язык,
Q103968597,Sands of Darkness,Brian D. Anderson,Brian D. Anderson,,2017,,353,английский язык,
Q65053992,The Black Tides of Heaven,Neon Yang,Tordotcom Publishing,,2017,,,английский язык,
Q62699321,The Prisoner of Limnos,Лоис Макмастер Буджолд,Subterranean Press,США,2017,,,английский язык,
Q28753387,Vallista,Стивен Браст,Tor Books,США,2017,,,английский язык,
Q48807609,Грехи империи,Brian McClellan,Orbit Books,,2017,,,английский язык,
Q29646954,Испытания Аполлона. Тёмное пророчество,Рик Риордан,Disney Publishing Worldwide,США,2017,,,американский вариант английского языка,
Q29646954,Испытания Аполлона. Тёмное пророчество,Рик Риордан,Disney Publishing Worldwide,США,2017,,,английский язык,
Q47411206,Корабль мертвецов,Рик Риордан,Disney Publishing Worldwide,США,2017,,,английский язык,
Q60978570,Короли Жути,Nicholas Eames,Orbit Books,,2017,,,английский язык,
Q76548367,Подменыш,Виктор Лаваль,Spiegel & Grau,США,2017,,,английский язык,
Q42851399,Прекрасная дикарка,Филип Пулман,David Fickling Books,Великобритания,2017,,,английский язык,
Q28312032,"Сердце того, что было утеряно",Тэд Уильямс,DAW Books,США,2017,,,английский язык,
Q28753359,Сыновья Дракона,Джордж Р. Р. Мартин,Bantam Spectra,США,2017,,,английский язык,
Q28836534,Убийство командора,Харуки Мураками,Синтёся,Япония,2017,,,японский язык,
Q117811126,Q117811126,Dewi Lestari,Bentang Pustaka,,2016,,724,индонезийский язык,
Q27536656,Alcatraz Versus the Dark Talent,Брендон Сандерсон,Tor Books,США,2016,,,английский язык,
Q106830005,Chapel of Ease,Alex Bledsoe,Tor Books,США,2016,,,английский язык,
Q30004969,Every Heart a Doorway,Шонан Макгуайр,Tordotcom Publishing,,2016,,,английский язык,
Q23013618,Games Wizards Play,Диана Дуэйн,Houghton Mifflin Harcourt,США,2016,,,английский язык,
Q105658408,In the Shadow of Paris,Morgan of Glencoe,Q2823766,,2016,,435,французский язык,
Q28064884,Klątwa dziewiątych urodzin,Marcin Szczygielski,Instytut Wydawniczy Latarnik,,2016,,,польский язык,
Q47090630,Las cenizas del Juramento,Exequiel Monge,Penguin Random House,США,2016,,,испанский язык,
Q27917009,Necessity,Джо Уолтон,Tor Books,США,2016,,,английский язык,
Q23762912,Outlaws of Time: The Legend of Sam Miracle,N. D. Wilson,HarperCollins,США,2016,,,английский язык,
Q93614033,Penric and the Shaman,Лоис Макмастер Буджолд,Subterranean Press,США,2016,,,английский язык,
Q106571679,Star Wars: Before the Awakening,Грег Рука,Disney Editions,США,2016,,240,английский язык,
Q106571679,Star Wars: Before the Awakening,Грег Рука,Pocket Jeunesse,,2016,,240,английский язык,
Q125475657,Survivors' Club,Лорен Бьюкес,Amazon Kindle,,2016,,,английский язык,
Q28859240,The Battle of Hackham Heath,Джон Флэнеган,Random House,США,2016,,,английский язык,
Q28859239,The Ghostfaces,Джон Флэнеган,Random House,США,2016,,,английский язык,
Q103968291,The Scepter of Xarbaal,Brian D. Anderson,Brian D. Anderson,,2016,,,английский язык,
Q105083380,The Swan Riders,Erin Bow,Margaret K. McElderry Books,,2016,,,английский язык,
Q21707281,Браслеты скорби,Брендон Сандерсон,Tor Books,США,2016,,448,английский язык,
Q77808986,Гарри Поттер и Проклятое дитя,Джон Тиффани,"Little, Brown and Company",США,2016,,328,английский язык,
Q77808986,Гарри Поттер и Проклятое дитя,Джек Торн,"Little, Brown and Company",США,2016,,328,английский язык,
Q77808986,Гарри Поттер и Проклятое дитя,Джоан Роулинг,"Little, Brown and Company",США,2016,,328,английский язык,
Q101987239,Королевство гнева и тумана,Sarah J. Maas,Bloomsbury Publishing,Великобритания,2016,,,английский язык,
Q29830040,Мир Варкрафта: Иллидан,Уильям Кинг,Del Rey Books,,2016,,,английский язык,
Q25921512,Молот Тора,Рик Риордан,Disney Publishing Worldwide,США,2016,,,американский вариант английского языка,
Q43180627,Отель Вальгалла: Путеводитель по миру Магнуса Чейза,Рик Риордан,Disney Publishing Worldwide,США,2016,,,английский язык,
Q28312300,Падение света,Стивен Эриксон,Bantam Books,США,2016,,,английский язык,
Q25438763,Спрятанный оракул,Рик Риордан,Disney Publishing Worldwide,США,2016,,,английский язык,
Q30641788,Факел в ночи,Sabaa Tahir,Penguin Group,Великобритания,2016,,,английский язык,
Q106546301,Q106546301,Sara Mesa,Editorial Anagrama,Испания,2015,,,,
Q21189994,Q21189994,Luca Enoch,Arnoldo Mondadori Editore,Италия,2015,,308,итальянский язык,
Q103970219,Dragonvein Book One,Brian D. Anderson,Brian D. Anderson,,2015,,308,английский язык,
Q104007455,Dragonvein Book Three,Brian D. Anderson,Brian D. Anderson,,2015,,,английский язык,
Q104007231,Dragonvein Book Two,Brian D. Anderson,Brian D. Anderson,,2015,,346,английский язык,
Q62422071,Indigo,Eva Aguilar,Q62423706,Испания,2015,,692,испанский язык,
Q133187398,Madness in solidar,Лиланд Экстон Модезитт,Tor Books,США,2015,,608,английский язык,
Q93589186,Penric's Demon,Лоис Макмастер Буджолд,Subterranean Press,США,2015,,,английский язык,
Q20967683,Red Queen,Victoria Aveyard,HarperCollins,США,2015,,,английский язык,
Q30632891,Secret of the Forbidden City,Джеймс Паттерсон,"Little, Brown and Company",США,2015,,,английский язык,
Q21162253,Signal to Noise,Silvia Moreno-Garcia,Solaris Books,Великобритания,2015,,,английский язык,
Q42186419,Slade House,Дэвид Митчелл,Random House,США,2015,,,английский язык,
Q106571679,Star Wars: Before the Awakening,Грег Рука,Disney Editions,США,2015,,240,английский язык,
Q106571679,Star Wars: Before the Awakening,Грег Рука,Pocket Jeunesse,,2015,,240,английский язык,
Q27890283,The Devourers,Indrapramit Das,Penguin Books,Великобритания,2015,,,английский язык,
Q22678083,The Immortal Nicholas,Гленн Бек,Blaze Media,США,2015,,,английский язык,
Q19364466,The Just City,Джо Уолтон,Tor Books,США,2015,,,английский язык,
Q21733294,The Philosopher Kings,Джо Уолтон,Tor Books,США,2015,,,английский язык,
Q105083362,The Scorpions Rules,Erin Bow,Margaret K. McElderry Books,,2015,,,,
Q21203459,The Tournament at Gorlan,Джон Флэнеган,Random House,США,2015,,,английский язык,
Q54019771,Vision in Silver,Anne Bishop,Roc Books,США,2015,,,английский язык,
Q21203529,Welcome to Night Vale,Joseph Fink,Harper Perennial,США,2015,,,английский язык,
Q21203529,Welcome to Night Vale,Jeffrey Cranor,Harper Perennial,США,2015,,,английский язык,
Q7762425,Алые песнопения,Клайв Баркер,St. Martin's Press,США,2015,,,британский вариант английского языка,
Q23763106,Воздушная гавань,Джим Батчер,Penguin Books,Великобритания,2015,,,английский язык,
Q22162553,Гарри Поттер и методы рационального мышления,Элиезер Юдковский,Less Wrong,,2015,,2184,английский язык,
Q20647835,История Куллерво,Джон Рональд Руэл Толкин,HarperCollins,США,2015,,,английский язык,
Q18209885,Кровавая осень,Brian McClellan,Orbit Books,,2015,,,английский язык,
Q102948197,Медсестра‑заклинательница,Chung Serang,Minumsa,,2015,,,корейский язык,
Q18393840,Меч Лета,Рик Риордан,Disney Publishing Worldwide,США,2015,,,американский вариант английского языка,
Q42395182,Память всех слов,Роберт М. Вегнер,Powergraph,Польша,2015,,,польский язык,
Q107311737,Полвойны,Джо Аберкромби,Del Rey Books,,2015,,,английский язык,
Q107311737,Полвойны,Джо Аберкромби,HarperVoyager,,2015,,,английский язык,
Q107311735,Полмира,Джо Аберкромби,Del Rey Books,,2015,,,английский язык,
Q107311735,Полмира,Джо Аберкромби,HarperVoyager,,2015,,,английский язык,
Q76631756,Последний альбом,Элизабет Хэнд,Open Road Integrated Media,США,2015,,,английский язык,
Q23763141,Самая тёмная чаща,Холли Блэк,"Little, Brown and Company",США,2015,,,английский язык,
Q19264047,Сердце войны,Терри Гудкайнд,Tor Books,США,2015,,,американский вариант английского языка,
Q18758175,Серебряная кровь,Rachel Hartman,Random House,США,2015,,,английский язык,
Q20647294,Странствия Шута,Робин Хобб,Del Rey Books,,2015,,,американский вариант английского языка,
Q16387049,Тени истины,Брендон Сандерсон,Tor Books,США,2015,,383,английский язык,
Q20647389,"Тот, кто спасёт",Салли Грин,Puffin Books,Великобритания,2015,,,английский язык,
Q20967566,Уголёк в пепле,Sabaa Tahir,Penguin Group,Великобритания,2015,,,английский язык,
Q20992497,Чаща,Наоми Новик,Del Rey Books,,2015,,448,американский вариант английского языка,
Q20992497,Чаща,Наоми Новик,Del Rey Books,,2015,,448,английский язык,
Q23763076,Шестёрка воронов,Ли Бардуго,Henry Holt and Company,США,2015,,,английский язык,
Q18059947,Q18059947,Johan Vandevelde,Abimo,,2014,,434,нидерландский язык,
Q17152114,Blood Red,Mercedes Lackey,DAW Books,США,2014,,,английский язык,
Q24521501,Boys of Blur,N. D. Wilson,Random House,США,2014,,,английский язык,
Q24037125,Dreams of Gods and Monsters,Лэйни Тейлор,"Little, Brown and Company",США,2014,,,английский язык,
Q39058083,Ophelia and the Marvelous Boy,Karen Foxlee,Alfred A. Knopf,США,2014,,,английский язык,
Q19364475,Scorpion Mountain,Джон Флэнеган,Random House,США,2014,,,английский язык,
Q18166663,Slaves of Socorro,Джон Флэнеган,Random House,США,2014,,,английский язык,
Q18786497,The Back of the Turtle,Томас Кинг,Doubleday Canada,,2014,,,английский язык,
Q123521823,The Brightest Night,Туи Сазерленд,Scholastic Corporation,США,2014,,,английский язык,
Q18786508,The Broken Eye,Брент Уикс,Orbit Books,,2014,,,английский язык,
Q105083473,The Night Gardener,Jonathan Auxier,Abrams Books,США,2014,,,,
Q28061034,The Swinery of Butterflies,Marcin Szczygielski,Instytut Wydawniczy Latarnik,,2014,,,польский язык,
Q14981095,Transformers: Retribution,David J. Williams,Del Rey Books,,2014,,,английский язык,
Q56046005,Город лестниц,Роберт Джексон Беннетт,Broadway Books,США,2014,,,английский язык,
Q14554857,Город небесного огня,Кассандра Клэр,Simon & Schuster,США,2014,,,английский язык,
Q18209186,Земля волшебника,Лев Гроссман,Viking Press,США,2014,,,английский язык,
Q20925620,Книга жизни,Дебора Харкнесс,Penguin Books,Великобритания,2014,,,английский язык,
Q17017437,Кровавый поход,Brian McClellan,Orbit Books,,2014,,,английский язык,
Q18786701,Кровные узы. Серебряные тени,Райчел Мид,Penguin Group,Великобритания,2014,,,английский язык,
Q17985964,Кровь Олимпа,Рик Риордан,Hyperion Books,США,2014,,,американский вариант английского языка,
Q18786788,Мир льда и пламени,Линда Антонссон,Bantam Books,США,2014,,326,английский язык,
Q18786788,Мир льда и пламени,Элио Гарсиа,Bantam Books,США,2014,,326,английский язык,
Q18786788,Мир льда и пламени,Джордж Р. Р. Мартин,Bantam Books,США,2014,,326,английский язык,
Q20664281,Полкороля,Джо Аберкромби,Del Rey Books,,2014,,,английский язык,
Q20664281,Полкороля,Джо Аберкромби,HarperVoyager,,2014,,,английский язык,
Q17027987,Принц-разбойник,Джордж Р. Р. Мартин,Bantam Spectra,США,2014,,,английский язык,
Q18155148,Разлучённые души,Терри Гудкайнд,Tor Books,США,2014,,,американский вариант английского языка,
Q8034469,Слова сияния,Брендон Сандерсон,Tor Books,США,2014,,,английский язык,
Q20751961,Спокойное достоинство безмолвия,Патрик Ротфусс,DAW Books,США,2014,,,английский язык,
Q16915880,"Тот, кто убьёт",Салли Грин,Puffin Books,Великобритания,2014,,,английский язык,
Q16915880,"Тот, кто убьёт",Салли Грин,Viking Press,США,2014,,,английский язык,
Q18786549,Убийца Шута,Робин Хобб,Del Rey Books,,2014,,,американский вариант английского языка,
Q19364464,Ястреб,Стивен Браст,Tor Books,США,2014,,,английский язык,
Q131743723,Q131743723,Личия Троиси,Arnoldo Mondadori Editore,Италия,2013,,,итальянский язык,
Q20545178,Q20545178,Manuel Gago Mariño,Edicións Xerais de Galicia,Испания,2013,,152,галисийский язык,
Q16209219,Blood of Tyrants,Наоми Новик,Del Rey Books,,2013,,,американский вариант английского языка,
Q16843305,Bloodfire Quest,Терренс Дин Брукс,Del Rey Books,,2013,,,английский язык,
Q105955818,Curse of the Dream Witch,Аллан Стрэттон,Scholastic Corporation,США,2013,,,,
Q28060958,Czarownica piętro niżej,Marcin Szczygielski,Instytut Wydawniczy Latarnik,,2013,,,польский язык,
Q16385565,Echoes of the Goddess,Даррелл Швейцер,Wildside Press,США,2013,,,английский язык,
Q16256097,Jimmy and the Crawler,Раймонд Фэйст,HarperCollins,США,2013,,,английский язык,
Q30678307,Pantomime,L. R. Lam,Angry Robot,Великобритания,2013,,,английский язык,
Q19947404,Tales of Majipoor,Роберт Силверберг,Victor Gollancz,Великобритания,2013,,,американский вариант английского языка,
Q19881261,The Black Irix,Терренс Дин Брукс,Del Rey Books,,2013,,,английский язык,
Q7721225,The Canticle of Whispers,David Whitley,Puffin Books,Великобритания,2013,,,английский язык,
Q16385593,The Emperor of the Ancient Word and Other Fantastic Stories,Даррелл Швейцер,Borgo Press,США,2013,,,английский язык,
Q107210718,The Ghost Bride,Yangsze Choo,William Morrow and Company,США,2013,,,,
Q20926183,The Goblin Master's Grimoire,Jim C. Hines,ISFiC Press,,2013,,,английский язык,
Q123550891,The Hidden Kingdom,Туи Сазерленд,Scholastic Corporation,США,2013,,,английский язык,
Q123550873,The Lost Heir,Туи Сазерленд,Scholastic Corporation,США,2013,,,английский язык,
Q15989239,The Royal Ranger: A New Beginning,Джон Флэнеган,Random House,США,2013,,,английский язык,
Q103963060,The Shadow of Gods,Brian D. Anderson,Brian D. Anderson,,2013,,317,английский язык,
Q48784858,The Thinking Woman's Guide to Real Magic,Emily Croy Barker,Penguin Group,Великобритания,2013,,,английский язык,
Q19881751,The Weapon Master's Choice,Терренс Дин Брукс,Del Rey Books,,2013,,,английский язык,
Q22911731,Unfettered,"Салливан, Майкл Дж. (писатель)",Grim Oak Press,США,2013,,,английский язык,
Q22911731,Unfettered,Kevin Hearne,Grim Oak Press,США,2013,,,английский язык,
Q22911731,Unfettered,Eldon Thompson,Grim Oak Press,США,2013,,,английский язык,
Q22911731,Unfettered,Лев Гроссман,Grim Oak Press,США,2013,,,английский язык,
Q22911731,Unfettered,Peter V. Brett,Grim Oak Press,США,2013,,,английский язык,
Q22911731,Unfettered,Дэниел Абрахам,Grim Oak Press,США,2013,,,английский язык,
Q22911731,Unfettered,Дэвид Энтони Дарем,Grim Oak Press,США,2013,,,английский язык,
Q22911731,Unfettered,Марк Лоуренс,Grim Oak Press,США,2013,,,английский язык,
Q22911731,Unfettered,Тодд Локвуд,Grim Oak Press,США,2013,,,английский язык,
Q22911731,Unfettered,Carrie Vaughn,Grim Oak Press,США,2013,,,английский язык,
Q22911731,Unfettered,Патрик Ротфусс,Grim Oak Press,США,2013,,,английский язык,
Q22911731,Unfettered,Брендон Сандерсон,Grim Oak Press,США,2013,,,английский язык,
Q22911731,Unfettered,Тэд Уильямс,Grim Oak Press,США,2013,,,английский язык,
Q22911731,Unfettered,Терренс Дин Брукс,Grim Oak Press,США,2013,,,английский язык,
Q22911731,Unfettered,Наоми Новик,Grim Oak Press,США,2013,,,английский язык,
Q22911731,Unfettered,Жаклин Кэри,Grim Oak Press,США,2013,,,английский язык,
Q22911731,Unfettered,"Салливан, Майкл Дж. (писатель)",Orbit Books,,2013,,,английский язык,
Q22911731,Unfettered,Kevin Hearne,Orbit Books,,2013,,,английский язык,
Q22911731,Unfettered,Eldon Thompson,Orbit Books,,2013,,,английский язык,
Q22911731,Unfettered,Лев Гроссман,Orbit Books,,2013,,,английский язык,
Q22911731,Unfettered,Peter V. Brett,Orbit Books,,2013,,,английский язык,
Q22911731,Unfettered,Дэниел Абрахам,Orbit Books,,2013,,,английский язык,
Q22911731,Unfettered,Дэвид Энтони Дарем,Orbit Books,,2013,,,английский язык,
Q22911731,Unfettered,Марк Лоуренс,Orbit Books,,2013,,,английский язык,
Q22911731,Unfettered,Тодд Локвуд,Orbit Books,,2013,,,английский язык,
Q22911731,Unfettered,Carrie Vaughn,Orbit Books,,2013,,,английский язык,
Q22911731,Unfettered,Патрик Ротфусс,Orbit Books,,2013,,,английский язык,
Q22911731,Unfettered,Брендон Сандерсон,Orbit Books,,2013,,,английский язык,
Q22911731,Unfettered,Тэд Уильямс,Orbit Books,,2013,,,английский язык,
Q22911731,Unfettered,Терренс Дин Брукс,Orbit Books,,2013,,,английский язык,
Q22911731,Unfettered,Наоми Новик,Orbit Books,,2013,,,английский язык,
Q22911731,Unfettered,Жаклин Кэри,Orbit Books,,2013,,,английский язык,
Q18788018,Vicious,Виктория Шваб,Tor Books,США,2013,,,английский язык,
Q18209547,Вернувшиеся,Jason Mott,Mira Books,Канада,2013,,,английский язык,
Q17631996,Дневная битва,Peter V. Brett,HarperCollins,США,2013,,,американский вариант английского языка,
Q2274863,Дом Аида,Рик Риордан,Hyperion Books,США,2013,,,английский язык,
Q17142369,Кровавый завет,Brian McClellan,Orbit Books,,2013,,,английский язык,
Q10455262,Механическая принцесса,Кассандра Клэр,Simon & Schuster,США,2013,,,английский язык,
Q107418194,Невинность,Дин Кунц,Bantam Books,США,2013,,,английский язык,
Q14548336,Океан в конце дороги,Нил Гейман,Yedioth Books,Израиль,2013,,,британский вариант английского языка,
Q14548336,Океан в конце дороги,Нил Гейман,Yedioth Books,Израиль,2013,,,английский язык,
Q16724456,Опасные женщины,Меган Эбботт,Tor Books,США,2013,,,английский язык,
Q7746113,Последний порог,Роберт Сальваторе,Wizards of the Coast,США,2013,,,английский язык,
Q109303292,Похитители снов,Мэгги Стивотер,Scholastic Corporation,США,2013,,,американский вариант английского языка,
Q3988978,Республика воров,Скотт Линч,Victor Gollancz,Великобритания,2013,,,английский язык,
Q3988978,Республика воров,Скотт Линч,Del Rey Books,,2013,,,английский язык,
Q15033001,Серебряная грёза,Майкл Ривз,HarperCollins,США,2013,,,английский язык,
Q18281076,Сын Собека,Рик Риордан,Puffin Books,Великобритания,2013,,,английский язык,
Q18281076,Сын Собека,Рик Риордан,Disney Publishing Worldwide,США,2013,,,английский язык,
Q117811099,Q117811099,Dewi Lestari,Bentang Pustaka,,2012,,508,индонезийский язык,
Q9361865,Q9361865,Andrzej Pilipiuk,Fabryka Słów,Польша,2012,,,польский язык,
Q23419122,13,Келли Армстронг,Orbit Books,,2012,,,английский язык,
Q4656191,A Crown Imperilled,Раймонд Фэйст,HarperCollins,США,2012,,,английский язык,
Q19872041,Allanon's Quest,Терренс Дин Брукс,Del Rey Books,,2012,,,английский язык,
Q4860016,Bard's Oath,Joanne Bertin,Tor Books,США,2012,,,английский язык,
Q15032966,Carnival of Souls,Мелисса Марр,HarperCollins,США,2012,,,английский язык,
Q5189796,Crucible of Gold,Наоми Новик,HarperCollins,США,2012,,,английский язык,
Q5243364,Days of Blood and Starlight,Лэйни Тейлор,"Little, Brown and Company",США,2012,,,английский язык,
Q4489841,Deadlocked,Шарлин Харрис,Ace Books,США,2012,,,английский язык,
Q25217527,Every Day,Дэвид Левитан,Alfred A. Knopf,США,2012,,,английский язык,
Q5881727,Hollow Earth,Carole Barrowman,Michael O'Mara Books,Великобритания,2012,,,английский язык,
Q5881727,Hollow Earth,Джон Барроумэн,Michael O'Mara Books,Великобритания,2012,,,английский язык,
Q18160282,Home From the Sea,Mercedes Lackey,DAW Books,США,2012,,,английский язык,
Q17035240,Kingdom of the Wicked,Дерек Лэнди,HarperCollins,США,2012,,,английский язык,
Q15844728,Mr. Penumbra’s 24-Hour Bookstore,Робин Слоун,"Farrar, Straus and Giroux",США,2012,,,английский язык,
Q103962599,Of Gods and Elves,Brian D. Anderson,Brian D. Anderson,,2012,,,английский язык,
Q17035259,Skulduggery Pleasant: The End of the World,Дерек Лэнди,HarperCollins,США,2012,,,,
Q7562697,Soonchild,Рассел Хобан,Walker Books,Великобритания,2012,,,английский язык,
Q7715536,The Bane of Yoto,Josh Viola,FiXT,,2012,,,английский язык,
Q15033139,The Empty City,Эрин Хантер,HarperCollins,США,2012,,,английский язык,
Q1219512,The Enchantress: The Secrets of the Immortal Nicholas Flamel,Майкл Скотт,Random House,США,2012,,,английский язык,
Q7741090,The Hunters,Джон Флэнеган,Random House,США,2012,,,английский язык,
Q7741090,The Hunters,Джон Флэнеган,Penguin Books,Великобритания,2012,,,английский язык,
Q7742398,The Invaders,Джон Флэнеган,Random House,США,2012,,,английский язык,
Q7742398,The Invaders,Джон Флэнеган,Penguin Books,Великобритания,2012,,,английский язык,
Q103961538,The Sword of Truth,Brian D. Anderson,Brian D. Anderson,,2012,,346,английский язык,
Q11128111,The Traitor Queen,Trudi Canavan,Orbit Books,,2012,,,австралийский английский,
Q15033305,Throne of the Crescent Moon,Саладин Ахмед,DAW Books,США,2012,,,английский язык,
Q7883199,Under Wildwood,Colin Meloy,HarperCollins,США,2012,,,английский язык,
Q7969211,Wards of Faerie,Терренс Дин Брукс,Del Rey Books,,2012,,,английский язык,
Q11766714,Maladie i inne opowiadania,Анджей Сапковский,SuperNOWA,,2012,,,польский язык,
Q2864880,Артемис Фаул. Последний хранитель,Оуэн Колфер,Disney Publishing Worldwide,США,2012,,,гиберно-английский язык,
Q2864880,Артемис Фаул. Последний хранитель,Оуэн Колфер,Viking Press,США,2012,,,гиберно-английский язык,
Q923111,Ветер сквозь замочную скважину,Стивен Кинг,"Donald M. Grant, Publisher",США,2012,,,английский язык,
Q3930293,Вознесение,Лорен Кейт,Random House,США,2012,,,английский язык,
Q18393961,Воин Доброй Удачи,Ричард Скотт Бэккер,The Overlook Press,США,2012,,,английский язык,
Q21624970,Воронята,Мэгги Стивотер,Scholastic Corporation,США,2012,,,английский язык,
Q5770821,Город потерянных душ,Кассандра Клэр,Simon & Schuster,США,2012,,,английский язык,
Q7729697,Дневники полубога,Рик Риордан,Disney Publishing Worldwide,США,2012,,,английский язык,
Q3283718,Знак Афины,Рик Риордан,Disney Publishing Worldwide,США,2012,,,английский язык,
Q5086604,Коготь Шарона,Роберт Сальваторе,Wizards of the Coast,США,2012,,,английский язык,
Q4191011,Кровные узы. Золотая лилия,Райчел Мид,Гагарка,,2012,,,английский язык,
Q12741794,Кровь Ведьмака,Джозеф Дилейни,Bodley Head,Великобритания,2012,,,британский вариант английского языка,
Q18788326,Кузница тьмы,Стивен Эриксон,Bantam Books,США,2012,,,английский язык,
Q42395176,Небо цвета стали,Роберт М. Вегнер,Powergraph,Польша,2012,,,польский язык,
Q16992186,Огненная летопись,Джон Стивенс,Alfred A. Knopf,США,2012,,,английский язык,
Q5451294,Огонь,Матс Страндберг,Random House,США,2012,,,шведский язык,
Q5451294,Огонь,Сара Бергмарк,Random House,США,2012,,,шведский язык,
Q5451294,Огонь,Матс Страндберг,Rabén & Sjögren,Швеция,2012,,,шведский язык,
Q5451294,Огонь,Сара Бергмарк,Rabén & Sjögren,Швеция,2012,,,шведский язык,
Q3188588,Первая Исповедница,Терри Гудкайнд,самиздат,,2012,,,английский язык,
Q5265201,Предначертание,Эприлинн Пайк,HarperCollins,США,2012,,,английский язык,
Q4877796,Прекрасное искупление,Margaret Stohl,"Little, Brown and Company",США,2012,,,английский язык,
Q4877796,Прекрасное искупление,Ками Гарсиа,"Little, Brown and Company",США,2012,,,английский язык,
Q15052482,Пророки,Libba Bray,"Little, Brown and Company",США,2012,,,английский язык,
Q123521605,Пророчество о драконятах,Туи Сазерленд,Scholastic Corporation,США,2012,,,английский язык,
Q7452717,Серафина,Rachel Hartman,Random House,США,2012,,,английский язык,
Q30597488,Сердце королевы,Kristin Cashore,Harcourt,США,2012,,,английский язык,
Q7763362,Тень змеи,Рик Риордан,Hyperion Books,США,2012,,,английский язык,
Q7763362,Тень змеи,Рик Риордан,Disney Publishing Worldwide,США,2012,,,английский язык,
Q7460625,Тень и Кость,Ли Бардуго,Macmillan Publishers,Великобритания,2012,,,английский язык,
Q7460658,Тень ночи,Дебора Харкнесс,Penguin Books,Великобритания,2012,,,английский язык,
Q5142235,Холодные дни,Джим Батчер,Roc Books,США,2012,,,английский язык,
Q11701413,Q11701413,Майя Лидия Коссаковская,Fabryka Słów,Польша,2011,,,польский язык,
Q131743640,Q131743640,Личия Троиси,Arnoldo Mondadori Editore,Италия,2011,,,итальянский язык,
Q15211707,Q15211707,Миу Какия,Futabasha,Япония,2011,,,японский язык,
Q3549004,A Kingdom Besieged,Раймонд Фэйст,HarperCollins,США,2011,,,английский язык,
Q16826483,Akata Witch,Ннеди Окорафор,Viking Press,США,2011,,,английский язык,
Q2269230,Among Others,Джо Уолтон,Constable & Robinson,Великобритания,2011,,,английский язык,
Q18358604,Blackveil,Kristen Britain,DAW Books,США,2011,,,английский язык,
Q5158144,Conan the Barbarian,Роберт Ирвин Говард,Del Rey Books,,2011,,,английский язык,
Q27989063,Czarny Młyn,Marcin Szczygielski,Instytut Wydawniczy Latarnik,,2011,,,польский язык,
Q5227917,Daughter of Smoke and Bone,Лэйни Тейлор,"Little, Brown and Company",США,2011,,,английский язык,
Q7536889,Death Bringer,Дерек Лэнди,HarperCollins,США,2011,,,английский язык,
Q16999429,Everfound,Нил Шустерман,Simon & Schuster,США,2011,,,английский язык,
Q5417427,Everwild,Нил Шустерман,Simon & Schuster,США,2011,,,английский язык,
Q5418438,Evil Machines,Терри Джонс,Unbound,Великобритания,2011,,,английский язык,
Q5597868,Graveminder,Мелисса Марр,William Morrow and Company,США,2011,,,английский язык,
Q97024149,Le Secret d'Orbæ,Франсуа Плас,Casterman,Бельгия,2011,,,,
Q6785544,Mastiff,Tamora Pierce,Random House,США,2011,,,английский язык,
Q7111597,Out of Oz,Грегори Магуайр,William Morrow and Company,США,2011,,,английский язык,
Q7282837,Rage,Jackie Kessler,Houghton Mifflin Harcourt,США,2011,,,английский язык,
Q7379841,Runelight,Джоанн Харрис,Doubleday,США,2011,,,английский язык,
Q7598676,Stands a Shadow,Col Buchanan,Tor Books,США,2011,,,английский язык,
Q7720091,The Bridge to Never Land,Ридли Пирсон,Hyperion Books,США,2011,,,английский язык,
Q7720091,The Bridge to Never Land,Дэйв Барри,Hyperion Books,США,2011,,,английский язык,
Q7748733,The Lost Stories,Джон Флэнеган,Random House,США,2011,,,английский язык,
Q7755638,The Outcasts,Джон Флэнеган,Random House,США,2011,,,английский язык,
Q7755638,The Outcasts,Джон Флэнеган,Penguin Books,Великобритания,2011,,,английский язык,
Q2301306,The Rogue,Trudi Canavan,Orbit Books,,2011,,,английский язык,
Q4670823,The Sacred Band,Дэвид Энтони Дарем,Doubleday,США,2011,,,английский язык,
Q7763285,The Sending,Isobelle Carmody,Bloomsbury Publishing,Великобритания,2011,,,английский язык,
Q7763285,The Sending,Isobelle Carmody,Random House,США,2011,,,английский язык,
Q12726619,The Spook's Destiny,Джозеф Дилейни,Bodley Head,Великобритания,2011,,,британский вариант английского языка,
Q7768856,The Thirteen Hallows,Майкл Скотт,Tor Books,США,2011,,,английский язык,
Q25217366,The Unwanteds,Lisa McMann,Aladdin Paperbacks,США,2011,,,английский язык,
Q7834139,Transformers: Exiles,Александр Ирвин,Del Rey Books,,2011,,,английский язык,
Q7981046,Well-Tempered Clavicle,Пирс Энтони,Tor Books,США,2011,,,английский язык,
Q8001555,Wildwood: The Wildwood Chronicles,Colin Meloy,HarperCollins,США,2011,,,английский язык,
Q8027860,Witch and Wizard: The Fire,Джеймс Паттерсон,"Little, Brown and Company",США,2011,,,английский язык,
Q8057285,You Have To Stop This,Рафаэль Зимон,"Little, Brown and Company",США,2011,,,английский язык,
Q4658340,Голос монстра,Пэтрик Несс,Walker Books,Великобритания,2011,,,английский язык,
Q5123656,Город драконов,Робин Хобб,HarperCollins,США,2011,,,английский язык,
Q6877267,Дом странных детей,Ренсом Риггз,Apple Books,,2011,,,американский вариант английского языка,
Q3818849,Изумрудный атлас,Джон Стивенс,Alfred A. Knopf,США,2011,,,английский язык,
Q5557171,История призрака,Джим Батчер,Roc Books,США,2011,,,английский язык,
Q7749537,Король волшебников,Лев Гроссман,Viking Press,США,2011,,,английский язык,
Q7749537,Король волшебников,Лев Гроссман,Penguin Books,Великобритания,2011,,,английский язык,
Q7304189,Красная перчатка,Холли Блэк,Simon & Schuster,США,2011,,,английский язык,
Q2515706,Кровные узы. Принцесса по крови,Райчел Мид,Penguin Group,Великобритания,2011,,,английский язык,
Q3210241,Машина предсказаний,Терри Гудкайнд,Tor Books,США,2011,,,английский язык,
Q10455260,Механический принц,Кассандра Клэр,Simon & Schuster,США,2011,,,английский язык,
Q6000507,Миражи,Эприлинн Пайк,HarperCollins,США,2011,,,английский язык,
Q6888383,Модельный мир,Тайра Бэнкс,Random House,США,2011,,,английский язык,
Q6888383,Модельный мир,Тайра Бэнкс,Dell Publishing,США,2011,,,английский язык,
Q7004483,Невервинтер,Роберт Сальваторе,Wizards of the Coast,США,2011,,,английский язык,
Q10594892,Ночной цирк,Эрин Моргенштерн,Doubleday,США,2011,,,английский язык,
Q282284,Огненный трон,Рик Риордан,Hyperion Books,США,2011,,,английский язык,
Q282284,Огненный трон,Рик Риордан,Disney Publishing Worldwide,США,2011,,,английский язык,
Q4656489,Открытие ведьм,Дебора Харкнесс,Penguin Books,Великобритания,2011,,,английский язык,
Q7765258,Песнь Кваркозверя,Джаспер Ффорде,Hodder & Stoughton,Великобритания,2011,,,английский язык,
Q4350960,Повелитель душ,Грегори Киз,Del Rey Books,,2011,,,английский язык,
Q4877679,Прекрасный хаос,Margaret Stohl,"Little, Brown and Company",США,2011,,,английский язык,
Q4877679,Прекрасный хаос,Ками Гарсиа,"Little, Brown and Company",США,2011,,,английский язык,
Q4690738,Призрачная ночь,Клаудия Грэй,HarperCollins,США,2011,,,английский язык,
Q126687198,Разрушь меня,Тахира Мафи,HarperCollins UK,Великобритания,2011,,,английский язык,
Q6880077,Сплав закона,Брендон Сандерсон,Tor Books,США,2011,,,английский язык,
Q3281312,Страсть,Лорен Кейт,Random House,США,2011,,,английский язык,
Q1277076,Сын Нептуна,Рик Риордан,Disney Publishing Worldwide,США,2011,,,английский язык,
Q28306,Танец с драконами,Джордж Р. Р. Мартин,Opus Press,Израиль,2011,,,английский язык,
Q7728105,Увечный бог,Стивен Эриксон,Bantam Books,США,2011,,,английский язык,
Q7728105,Увечный бог,Стивен Эриксон,Tor Books,США,2011,,,английский язык,
Q60672,Эрагон. Наследие,Кристофер Паолини,Alfred A. Knopf,США,2011,,,португальский язык,
Q60672,Эрагон. Наследие,Кристофер Паолини,Alfred A. Knopf,США,2011,,,английский язык,
Q11498288,Q11498288,Хидэаки Коясу,ASCII Media Works,Япония,2010,,,японский язык,
Q21015289,Q21015289,Манабу Макимэ,Chikuma Shobō,Япония,2010,,217,японский язык,
Q42395171,Q42395171,Роберт М. Вегнер,Powergraph,Польша,2010,,,польский язык,
Q4660689,A Wizard of Mars,Диана Дуэйн,Harcourt,США,2010,,,английский язык,
Q4691026,Against All Things Ending,Стивен Дональдсон,G. P. Putnam's Sons,США,2010,,,английский язык,
Q4712974,Alcatraz Versus the Shattered Lens,Брендон Сандерсон,Scholastic Corporation,США,2010,,,английский язык,
Q2524057,At the Gates of Darkness,Раймонд Фэйст,HarperCollins,США,2010,,,английский язык,
Q4873211,Battles of the Clans,Эрин Хантер,HarperCollins,США,2010,,,английский язык,
Q27960883,Behind The Blue Door,Marcin Szczygielski,Instytut Wydawniczy Latarnik,,2010,,,польский язык,
Q5071908,Changeless,Gail Carriger,Orbit Books,,2010,,,английский язык,
Q7536888,Dark Days,Дерек Лэнди,HarperCollins,США,2010,,,английский язык,
Q5427918,Fable: The Balverine Order,Питер Дэвид,Ace Books,США,2010,,,английский язык,
Q5943258,Hunger,Jackie Kessler,Houghton Mifflin Harcourt,США,2010,,,английский язык,
Q6383191,Keeper,Kathi Appelt,Atheneum Books,США,2010,,,английский язык,
Q24038023,Key of Stars,Bruce Cordell,Wizards of the Coast,США,2010,,,английский язык,
Q2697148,King's Wrath,Fiona McIntosh,HarperCollins,США,2010,,,английский язык,
Q6423054,Knot Gneiss,Пирс Энтони,Tor Books,США,2010,,,английский язык,
Q7170497,Personal Demons,Lisa Desrochers,Tor Books,США,2010,,,английский язык,
Q7244891,Princess of Glass,Jessica Day George,Bloomsbury Publishing,Великобритания,2010,,,английский язык,
Q7280292,Radiance,Элисон Ноэль,Macmillan Publishers,США,2010,,,английский язык,
Q7722367,The Chestnut King,N. D. Wilson,Random House,США,2010,,,английский язык,
Q7722507,The Children of the Lost,David Whitley,Puffin Books,Великобритания,2010,,,английский язык,
Q7730825,The Dragon's Apprentice,James A. Owen,Simon & Schuster,США,2010,,,английский язык,
Q7731934,The Emperor of Nihon-Ja,Джон Флэнеган,Random House,США,2010,,,английский язык,
Q7736888,The Goblin Gate,Hilari Bell,HarperCollins,США,2010,,,английский язык,
Q17008242,The Lady Who Plucked Red Flowers Beneath the Queen's Window,Rachel Swirsky,Subterranean Press,США,2010,,,английский язык,
Q131863900,The Last Hunt,Брюс Ковилл,Scholastic Corporation,США,2010,,,английский язык,
Q7753234,The Native Star,M. K. Hobson,Bantam Spectra,США,2010,,,английский язык,
Q7764785,The Sleeping Beauty,Mercedes Lackey,Harlequin Enterprises,Канада,2010,,,английский язык,
Q7769245,The Tiger’s Wife,Теа Обрехт,Random House,США,2010,,,английский язык,
Q7769245,The Tiger’s Wife,Теа Обрехт,Phoenix Books,,2010,,,английский язык,
Q7774563,The White Road,Линн Флевелинг,Bantam Spectra,США,2010,,,английский язык,
Q385336,Tongues of Serpents,Наоми Новик,HarperCollins,США,2010,,,английский язык,
Q7834141,Transformers: Exodus,Александр Ирвин,Del Rey Books,,2010,,,английский язык,
Q7913023,Vampireology: The True History of the Fallen,Nick Holt,Bonnier Group,Швеция,2010,,,английский язык,
Q860091,Arthas: Rise of the Lich King,Кристи Голден,Pocket Books,США,2010,,,английский язык,
Q2693218,Артемис Фаул. Зов Атлантиды,Оуэн Колфер,Hyperion Books,США,2010,,,гиберно-английский язык,
Q2693218,Артемис Фаул. Зов Атлантиды,Оуэн Колфер,Miramax Books,,2010,,,гиберно-английский язык,
Q7762843,В поисках УдивЛы,Тони ДиТерлицци,Simon & Schuster,США,2010,,,английский язык,
Q15035528,Война хаоса,Пэтрик Несс,Candlewick Press,США,2010,,,английский язык,
Q15035528,Война хаоса,Пэтрик Несс,Walker Books,Великобритания,2010,,,английский язык,
Q5375369,Волшебный витраж,Диана Уинн Джонс,HarperCollins,США,2010,,,английский язык,
Q870296,Выкуси. История любви,Кристофер Мур,William Morrow and Company,США,2010,,,английский язык,
Q1008549,Гаунтлгрим,Роберт Сальваторе,Wizards of the Coast,США,2010,,,английский язык,
Q7858846,Две блондинки,Шарлин Харрис,Ace Books,США,2010,,,английский язык,
Q5429261,Долгое эхо (Коты-Воители),Эрин Хантер,HarperCollins,США,2010,,,английский язык,
Q4037587,Драконья гавань,Робин Хобб,HarperCollins,США,2010,,,английский язык,
Q6063924,Иорич,Стивен Браст,Tor Books,США,2010,,,английский язык,
Q3818564,Кольцо Соломона,Джонатан Страуд,Doubleday,США,2010,,,английский язык,
Q3209950,Копьё пустыни,Peter V. Brett,HarperCollins,США,2010,,,американский вариант английского языка,
Q3209950,Копьё пустыни,Peter V. Brett,HarperCollins,США,2010,,,английский язык,
Q2636237,Красная пирамида,Рик Риордан,Disney Publishing Worldwide,США,2010,,471,английский язык,
Q2758232,Механический ангел,Кассандра Клэр,Walker Books,Великобритания,2010,,,английский язык,
Q3865965,Мёртвая родня,Шарлин Харрис,Ace Books,США,2010,,,английский язык,
Q849907,Недолгая вторая жизнь Бри Таннер,Стефани Майер,"Little, Brown and Company",США,2010,,,английский язык,
Q3281481,Обреченные,Лорен Кейт,Random House,США,2010,,,английский язык,
Q5071935,Перемены,Джим Батчер,Roc Books,США,2010,,,английский язык,
Q7883104,Поднебесная,Гай Гэвриел Кей,Penguin Group,Великобритания,2010,,,английский язык,
Q5561538,Позолоченные латунные кости,Глен Кук,Roc Books,США,2010,,,английский язык,
Q6494630,Последняя жертва,Райчел Мид,Penguin Group,Великобритания,2010,,,английский язык,
Q2809619,Прекрасная тьма,Margaret Stohl,"Little, Brown and Company",США,2010,,,английский язык,
Q2809619,Прекрасная тьма,Ками Гарсиа,"Little, Brown and Company",США,2010,,,английский язык,
Q2356878,Пропавший герой,Рик Риордан,Disney Publishing Worldwide,США,2010,,,английский язык,
Q7537154,Судьба Небесного племени (Коты-Воители),Эрин Хантер,HarperCollins,США,2010,,,английский язык,
Q5913418,Холодная ночь,Клаудия Грэй,HarperCollins,США,2010,,,английский язык,
Q42395162,Q42395162,Роберт М. Вегнер,Powergraph,Польша,2009,,,польский язык,
Q9293473,Q9293473,Andrzej Pilipiuk,Fabryka Słów,Польша,2009,,,польский язык,
Q19902626,American Fantastic Tales,Фред Чаппелл,Library of America,США,2009,,,английский язык,
Q19902626,American Fantastic Tales,Эдвард Лукас Уайт,Library of America,США,2009,,,английский язык,
Q19902626,American Fantastic Tales,Brian Evenson,Library of America,США,2009,,,английский язык,
Q19902626,American Fantastic Tales,Benjamin Percy,Library of America,США,2009,,,английский язык,
Q19902626,American Fantastic Tales,Кэтлин Ребека Кирнан,Library of America,США,2009,,,английский язык,
Q19902626,American Fantastic Tales,Джек Сноу,Library of America,США,2009,,,английский язык,
Q19902626,American Fantastic Tales,Чарльз Бомонт,Library of America,США,2009,,,английский язык,
Q19902626,American Fantastic Tales,Дэвид Грабб,Library of America,США,2009,,,английский язык,
Q19902626,American Fantastic Tales,Дэвид Генри Келлер,Library of America,США,2009,,,английский язык,
Q19902626,American Fantastic Tales,Джордж Сондерс,Library of America,США,2009,,,английский язык,
Q19902626,American Fantastic Tales,Дональд Уондри,Library of America,США,2009,,,английский язык,
Q19902626,American Fantastic Tales,Джефф Вандермеер,Library of America,США,2009,,,английский язык,
Q19902626,American Fantastic Tales,Фрэнк Норрис,Library of America,США,2009,,,английский язык,
Q19902626,American Fantastic Tales,Джером Биксби,Library of America,США,2009,,,английский язык,
Q19902626,American Fantastic Tales,Кларк Эштон Смит,Library of America,США,2009,,,английский язык,
Q19902626,American Fantastic Tales,Август Дерлет,Library of America,США,2009,,,английский язык,
Q19902626,American Fantastic Tales,Чарльз Брокден Браун,Library of America,США,2009,,,английский язык,
Q19902626,American Fantastic Tales,Конрад Эйкен,Library of America,США,2009,,,английский язык,
Q19902626,American Fantastic Tales,Джо Хилл,Library of America,США,2009,,,английский язык,
Q19902626,American Fantastic Tales,Джин Вулф,Library of America,США,2009,,,английский язык,
Q19902626,American Fantastic Tales,Джон Чивер,Library of America,США,2009,,,английский язык,
Q19902626,American Fantastic Tales,Фриц Лейбер,Library of America,США,2009,,,английский язык,
Q19902626,American Fantastic Tales,Харлан Эллисон,Library of America,США,2009,,,английский язык,
Q19902626,American Fantastic Tales,Брет Гарт,Library of America,США,2009,,,английский язык,
Q19902626,American Fantastic Tales,Шарлотта Перкинс Гилман,Library of America,США,2009,,,английский язык,
Q19902626,American Fantastic Tales,Энтони Бучер,Library of America,США,2009,,,английский язык,
Q19902626,American Fantastic Tales,Амброз Гвиннет Бирс,Library of America,США,2009,,,английский язык,
Q19902626,American Fantastic Tales,Генри Джеймс,Library of America,США,2009,,,английский язык,
Q19902626,American Fantastic Tales,Говард Филлипс Лавкрафт,Library of America,США,2009,,,английский язык,
Q19902626,American Fantastic Tales,Гертруда Атертон,Library of America,США,2009,,,английский язык,
Q19902626,American Fantastic Tales,Уолтер Брейден Финней,Library of America,США,2009,,,английский язык,
Q19902626,American Fantastic Tales,Фрэнсис Скотт Фицджеральд,Library of America,США,2009,,,английский язык,
Q19902626,American Fantastic Tales,Исаак Башевис Зингер,Library of America,США,2009,,,английский язык,
Q19902626,American Fantastic Tales,Эдгар По,Library of America,США,2009,,,английский язык,
Q19902626,American Fantastic Tales,Герман Мелвилл,Library of America,США,2009,,,английский язык,
Q4785284,ArchEnemy,Фрэнк Бэддор,Dial Press,США,2009,,,английский язык,
Q4927941,Bloodhound,Tamora Pierce,Random House,США,2009,,,английский язык,
Q2219159,Blue Moon,Элисон Ноэль,St. Martin's Press,США,2009,,,английский язык,
Q17746254,Book One of the Travelers,Carla Jablonski,Simon & Schuster,США,2009,,,английский язык,
Q17746256,Book Three of the Travelers,Walter Sorrells,Simon & Schuster,США,2009,,,английский язык,
Q17746255,Book Two of the Travelers,Walter Sorrells,Simon & Schuster,США,2009,,,английский язык,
Q16829704,City of Torment,Bruce Cordell,Wizards of the Coast,США,2009,,,английский язык,
Q5215685,Dandelion Fire,N. D. Wilson,Random House,США,2009,,,английский язык,
Q5223152,Dark Calling,Даррен О’Шонесси,HarperCollins,США,2009,,,английский язык,
Q5223231,Dark Fire,Chris d'Lacey,Scholastic Corporation,США,2009,,,английский язык,
Q5223231,Dark Fire,Chris d'Lacey,Orchard Books,,2009,,,английский язык,
Q5397011,Escape from Hell,Джерри Пурнель,Tor Books,США,2009,,,английский язык,
Q5397011,Escape from Hell,Ларри Нивен,Tor Books,США,2009,,,английский язык,
Q2913011,Evermore,Элисон Ноэль,St. Martin's Press,США,2009,,,английский язык,
Q5458712,Flesh and Fire,Laura Anne Gilman,Pocket Books,США,2009,,,английский язык,
Q5468801,Forest Born,Shannon Hale,Bloomsbury Publishing,Великобритания,2009,,,английский язык,
Q39073453,Great Bear Lake,Эрин Хантер,HarperCollins,США,2009,,,английский язык,
Q5643595,Halt's Peril,Джон Флэнеган,Random House,США,2009,,,английский язык,
Q5743212,Heroes in the Wind,Роберт Ирвин Говард,Penguin Books,Великобритания,2009,,,английский язык,
Q5944955,"Hunting The Shadows: The Selected Stories of Tanith Lee, Volume Two",Танит Ли,Wildside Press,США,2009,,,английский язык,
Q6928901,Mr. Maximillian Bacchus and his Travelling Circus,Клайв Баркер,Bad Moon Books,,2009,,,английский язык,
Q7177880,Peter and the Sword of Mercy,Ридли Пирсон,Hyperion Books,США,2009,,,английский язык,
Q7177880,Peter and the Sword of Mercy,Дэйв Барри,Hyperion Books,США,2009,,,английский язык,
Q7184719,Philippa Fisher and the Dream-Maker's Daughter,Liz Kessler,Orion Publishing Group,Великобритания,2009,,,английский язык,
Q7244908,Princess of the Midnight Ball,Jessica Day George,Bloomsbury Publishing,Великобритания,2009,,,английский язык,
Q3702438,Prom Nights from Hell,Мэг Кэбот,HarperCollins,США,2009,,,английский язык,
Q3702438,Prom Nights from Hell,Стефани Майер,HarperCollins,США,2009,,,английский язык,
Q7419817,Santa Olivia,Жаклин Кэри,Grand Central Publishing,США,2009,,,английский язык,
Q7621347,Strange Brew,P. N. Elrod,St. Martin's Press,США,2009,,,английский язык,
Q7699058,"Tempting The Gods: The Selected Stories of Tanith Lee, Volume 1",Танит Ли,Wildside Press,США,2009,,,английский язык,
Q7729705,The Demon's Covenant,Sarah Rees Brennan,Simon & Schuster,США,2009,,,английский язык,
Q7729706,The Demon's Lexicon,Sarah Rees Brennan,Simon & Schuster,США,2009,,,английский язык,
Q7732664,The Everafter War,Майкл Бакли,Abrams Books,США,2009,,,английский язык,
Q7732921,The Eye of the Forest,Филип Керр,Orchard Books,,2009,,,английский язык,
Q7734785,The Forest King,Paul B. Thompson,"TSR, Inc.",США,2009,,,английский язык,
Q7736902,The God Engines,Джон Скальци,Subterranean Press,США,2009,,,английский язык,
Q7742720,The Islands of the Blessed,Nancy Farmer,Atheneum Books,США,2009,,,английский язык,
Q7748757,The Lost Train of Thought,John Hulme,Bloomsbury Publishing,Великобритания,2009,,,английский язык,
Q16167150,The Shadow Dragons,James A. Owen,Simon & Schuster,США,2009,,,английский язык,
Q3235563,The Soldiers of Halla,Ди Джей Макхейл,Aladdin Paperbacks,США,2009,,,английский язык,
Q3235563,The Soldiers of Halla,Ди Джей Макхейл,Simon & Schuster,США,2009,,,английский язык,
Q767362,The Sorceress,Майкл Скотт,Random House,США,2009,,,английский язык,
Q7770076,The Tree Butcher,Andrzej Pilipiuk,Fabryka Słów,Польша,2009,,,польский язык,
Q4539214,Tyrant's Blood,Fiona McIntosh,HarperCollins,США,2009,,,английский язык,
Q7993456,Where the Mountain Meets the Moon,Грейс Лин,"Little, Brown and Company",США,2009,,,английский язык,
Q8025317,Wings of Wrath,Celia S. Friedman,DAW Books,США,2009,,,английский язык,
Q8027920,Witches Incorporated,Карен Миллер,Orbit Books,,2009,,,английский язык,
Q8038655,Wroniec,Яцек Дукай,Wydawnictwo Literackie,Польша,2009,,,польский язык,
Q860091,Arthas: Rise of the Lich King,Кристи Голден,Pocket Books,США,2009,,,английский язык,
Q948489,Адский город,Грегори Киз,Del Rey Books,,2009,,,английский язык,
Q1807346,Артемис Фаул. Миссия в Арктику,Оуэн Колфер,Hyperion Books,США,2009,,336,гиберно-английский язык,
Q1807346,Артемис Фаул. Миссия в Арктику,Оуэн Колфер,Hyperion Books,США,2009,,336,валлийский язык,
Q1807346,Артемис Фаул. Миссия в Арктику,Оуэн Колфер,Hyperion Books,США,2009,,336,английский язык,
Q1807346,Артемис Фаул. Миссия в Арктику,Оуэн Колфер,Gomer Press,Великобритания,2009,,336,гиберно-английский язык,
Q1807346,Артемис Фаул. Миссия в Арктику,Оуэн Колфер,Gomer Press,Великобритания,2009,,336,валлийский язык,
Q1807346,Артемис Фаул. Миссия в Арктику,Оуэн Колфер,Gomer Press,Великобритания,2009,,336,английский язык,
Q7536893,Безликие,Дерек Лэнди,HarperCollins,США,2009,,,английский язык,
Q8027859,Ведьма и колдун,Cate Tiernan,"Little, Brown and Company",США,2009,,,английский язык,
Q8027859,Ведьма и колдун,Джеймс Паттерсон,"Little, Brown and Company",США,2009,,,английский язык,
Q7749544,Волшебники,Лев Гроссман,Viking Press,США,2009,,,английский язык,
Q7749544,Волшебники,Лев Гроссман,Penguin Books,Великобритания,2009,,,английский язык,
Q7714677,Вопрос и ответ,Пэтрик Несс,Walker Books,Великобритания,2009,,,английский язык,
Q7641054,Восход солнца (Коты-Воители),Эрин Хантер,HarperCollins,США,2009,,,английский язык,
Q3280089,Город стекла,Кассандра Клэр,Simon & Schuster,США,2009,,,английский язык,
Q5305436,Драконы мага песочных часов,Трейси Хикмен,Wizards of the Coast,США,2009,,,английский язык,
Q5305436,Драконы мага песочных часов,Маргарет Уэйс,Wizards of the Coast,США,2009,,,английский язык,
Q1435964,Дурак,Кристофер Мур,William Morrow and Company,США,2009,,,английский язык,
Q17024065,Король Призраков,Роберт Сальваторе,Wizards of the Coast,США,2009,,,английский язык,
Q1462607,Кровавые обещания,Райчел Мид,Penguin Group,Великобритания,2009,,,английский язык,
Q535639,Легенда о Сигурде и Гудрун,Кристофер Толкин,HarperCollins,США,2009,,384,английский язык,
Q535639,Легенда о Сигурде и Гудрун,Джон Рональд Руэл Толкин,HarperCollins,США,2009,,384,английский язык,
Q535639,Легенда о Сигурде и Гудрун,Кристофер Толкин,Houghton Mifflin Harcourt,США,2009,,384,английский язык,
Q535639,Легенда о Сигурде и Гудрун,Джон Рональд Руэл Толкин,Houghton Mifflin Harcourt,США,2009,,384,английский язык,
Q2635779,О чём молчат ангелы,Бекка Фитцпатрик,Simon & Schuster,США,2009,,,американский вариант английского языка,
Q2635779,О чём молчат ангелы,Бекка Фитцпатрик,Simon & Schuster,США,2009,,,английский язык,
Q2635779,О чём молчат ангелы,Бекка Фитцпатрик,Wydawnictwo Otwarte,,2009,,,американский вариант английского языка,
Q2635779,О чём молчат ангелы,Бекка Фитцпатрик,Wydawnictwo Otwarte,,2009,,,английский язык,
Q595766,Огненная,Kristin Cashore,Penguin Group,Великобритания,2009,,,английский язык,
Q7743774,Око Судии,Ричард Скотт Бэккер,The Overlook Press,США,2009,,,английский язык,
Q10713014,Охота на духов,Мишель Пейвер,Orion Publishing Group,Великобритания,2009,,,английский язык,
Q10713014,Охота на духов,Jayne Ann Krentz,Orion Publishing Group,Великобритания,2009,,,английский язык,
Q27614675,Охотничья территория,Патриция Бриггс,Ace Books,США,2009,,,английский язык,
Q2452425,Падшие,Лорен Кейт,Random House,США,2009,,,английский язык,
Q3235370,Перси Джексон и Олимпийцы. Секретные материалы,Рик Риордан,Disney Publishing Worldwide,США,2009,,,английский язык,
Q2077641,Перси Джексон и Последнее пророчество,Рик Риордан,Disney Publishing Worldwide,США,2009,,,английский язык,
Q2509387,Победители чудовищ,Джонатан Страуд,Hyperion Books,США,2009,,,английский язык,
Q5284115,Прегрешения богов,Лорел Гамильтон,Ballantine Books,США,2009,,,английский язык,
Q632036,Прекрасные создания,Margaret Stohl,"Little, Brown and Company",США,2009,,,английский язык,
Q632036,Прекрасные создания,Ками Гарсиа,"Little, Brown and Company",США,2009,,,английский язык,
Q7855657,Продажная шкура,Джим Батчер,Roc Books,США,2009,,,английский язык,
Q4930566,Пророчество Синей Звезды (Коты-Воители),Эрин Хантер,HarperCollins,США,2009,,,английский язык,
Q4930566,Пророчество Синей Звезды (Коты-Воители),Кейт Кэри,HarperCollins,США,2009,,,английский язык,
Q5317020,Пыль грёз,Стивен Эриксон,Bantam Books,США,2009,,,английский язык,
Q5317020,Пыль грёз,Стивен Эриксон,Tor Books,США,2009,,,английский язык,
Q5903322,Разделяющий нож: Горизонт,Лоис Макмастер Буджолд,HarperCollins,США,2009,,,английский язык,
Q2425586,Ренессанс,Anton Gill,Penguin Books,Великобритания,2009,,,британский вариант английского языка,
Q2653468,Сайрен,Angie Sage,HarperCollins,США,2009,,,английский язык,
Q2653468,Сайрен,Angie Sage,Bloomsbury Publishing,Великобритания,2009,,,английский язык,
Q9396910,Святой Вроцлав,Лукаш Орбитовский,Wydawnictwo Literackie,Польша,2009,,,польский язык,
Q3284393,Соблазнённая,Kristin Cast,St. Martin's Press,США,2009,,,английский язык,
Q3284393,Соблазнённая,Филис Кристина Каст,St. Martin's Press,США,2009,,,английский язык,
Q4003598,Соразмерный образ мой,Одри Ниффенеггер,Random House,США,2009,,,английский язык,
Q3749217,Тёмное предсказание,Мелисса Марр,HarperCollins,США,2009,,,английский язык,
Q13403351,Убийца войн,Брендон Сандерсон,Tor Books,США,2009,,,американский вариант английского языка,
Q4501246,Хранитель драконов,Робин Хобб,HarperCollins,США,2009,,,английский язык,
Q2890939,Чёрный круг,Патрик Карман,Scholastic Corporation,США,2009,,,английский язык,
Q12336779,Q12336779,Merlin P. Mann,Politikens Forlag,,2008,,,,
Q5017607,Caine Black Knife,Мэтью Стовер,Del Rey Books,,2008,,,английский язык,
Q3036906,Doomwyte,Брайан Джейкс,Puffin Books,Великобритания,2008,,,английский язык,
Q5450737,Finnikin of the Rock,Мелина Марчетта,Viking Press,США,2008,,,английский язык,
Q5918575,How to Ditch Your Fairy,Justine Larbalestier,Блумсбери,,2008,,,английский язык,
Q6447941,Kushiel's Mercy,Жаклин Кэри,Hachette Book Group,США,2008,,,английский язык,
Q167007,Necropolis,Энтони Горовиц,Walker Books,Великобритания,2008,,,английский язык,
Q24038158,North! Or Be Eaten,Эндрю Петерсон,Random House,США,2008,,,английский язык,
Q7080404,Oh. My. Gods.,Tera Lynn Childs,Penguin Group,Великобритания,2008,,,английский язык,
Q7080404,Oh. My. Gods.,Tera Lynn Childs,Penguin Group,Великобритания,2008,,,немецкий язык,
Q7091345,On the Edge of the Dark Sea of Darkness,Эндрю Петерсон,Random House,США,2008,,,английский язык,
Q16967162,Plague of Spells,Bruce Cordell,Wizards of the Coast,США,2008,,,английский язык,
Q3202773,Raven Rise,Ди Джей Макхейл,Simon & Schuster,США,2008,,,английский язык,
Q7310269,Reincarnation,Сьюзан Уэйн,Scholastic Corporation,США,2008,,,английский язык,
Q2246921,Royal Exile,Fiona McIntosh,HarperCollins,США,2008,,,английский язык,
Q7460793,Shadows Return,Линн Флевелинг,Bantam Spectra,США,2008,,,английский язык,
Q7601875,Stargazer,Патрик Карман,Scholastic Corporation,США,2008,,,английский язык,
Q7659271,Sword Quest,Nancy Yi Fan,HarperCollins,США,2008,,,английский язык,
Q21161274,Tender Morsels,Margo Lanagan,Allen & Unwin,Австралия,2008,,,английский язык,
Q7716404,The Bell at Sealey Head,Патриция Маккиллип,Ace Books,США,2008,,,английский язык,
Q7728191,The Crossing of Ingo,Данмор Хелен,HarperCollins,США,2008,,,английский язык,
Q7729847,The Destiny of the Dead,Иэн Ирвайн,Penguin Books,Великобритания,2008,,,английский язык,
Q7729847,The Destiny of the Dead,Иэн Ирвайн,Orbit Books,,2008,,,английский язык,
Q7730090,The Diamond of Darkhold,Джин Дюпро,Random House,США,2008,,,английский язык,
Q7730090,The Diamond of Darkhold,Джин Дюпро,Оленёнок,,2008,,,английский язык,
Q7736938,The Gods Return,Дэвид Дрейк,Tor Books,США,2008,,,английский язык,
Q7741894,The Indigo King,James A. Owen,Simon & Schuster,США,2008,,,английский язык,
Q3497503,The Kings of Clonmel,Джон Флэнеган,Random House,США,2008,,,английский язык,
Q48790200,The Long Look,Richard Parks,Gale,США,2008,,,английский язык,
Q2154240,The Magic Thief,Sarah Prineas,Quercus,Великобритания,2008,,,английский язык,
Q2154240,The Magic Thief,Sarah Prineas,HarperCollins,США,2008,,,английский язык,
Q1198480,The Magician: The Secrets of the Immortal Nicholas Flamel,Майкл Скотт,Random House,США,2008,,,английский язык,
Q7759964,The Red Wolf Conspiracy,Robert V.S. Redick,Del Rey Books,,2008,,,английский язык,
Q7762848,The Search for the Red Dragon,James A. Owen,Simon & Schuster,США,2008,,,английский язык,
Q7763388,The Servants,Майкл Маршалл,HarperCollins,США,2008,,,английский язык,
Q7764706,The Sky Village,Monk Ashland,Candlewick Press,США,2008,,,английский язык,
Q7765974,The Split Second,John Hulme,Bloomsbury Publishing,Великобритания,2008,,,английский язык,
Q3431829,The Steel Remains,Ричард Морган,Victor Gollancz,Великобритания,2008,,,английский язык,
Q7766613,The Stone Key,Isobelle Carmody,Viking Press,США,2008,,,английский язык,
Q7770939,The Two Pearls of Wisdom,Элисон Гудман,HarperCollins,США,2008,,,английский язык,
Q130734594,The Water Between the Worlds,Хагар Янай,Keter Books,,2008,,,иврит,
Q7804548,Tim the Tiny Horse At Large,Гарри Хилл,Faber and Faber,Великобритания,2008,,,английский язык,
Q109606703,Vampalicious!,Sienna Mercer,HarperTrophy,,2008,,,английский язык,
Q3213554,Victory of Eagles,Наоми Новик,HarperCollins,США,2008,,,английский язык,
Q598136,Wolf Island,Даррен О’Шонесси,HarperCollins,США,2008,,,английский язык,
Q3209073,Wrath of a Mad God,Раймонд Фэйст,HarperCollins,США,2008,,,английский язык,
Q2666966,Авиатор,Оуэн Колфер,Hyperion Books,США,2008,,,английский язык,
Q3291568,Битва за Скандию,Джон Флэнеган,Random House,США,2008,,,английский язык,
Q7760891,Бич: Путь к власти (Коты-Воители),Dan Jolley,HarperCollins,США,2008,,,английский язык,
Q7760891,Бич: Путь к власти (Коты-Воители),Эрин Хантер,HarperCollins,США,2008,,,английский язык,
Q7760891,Бич: Путь к власти (Коты-Воители),Dan Jolley,Олма медиа групп,,2008,,,английский язык,
Q7760891,Бич: Путь к власти (Коты-Воители),Эрин Хантер,Олма медиа групп,,2008,,,английский язык,
Q7317209,Возвращение Багровой Гвардии,Иан Кэмерон Эсслемонт,PS Publishing,Великобритания,2008,,,английский язык,
Q5054010,Герои племён,Эрин Хантер,Avon Publications,США,2008,,,английский язык,
Q3859308,Герой веков,Брендон Сандерсон,Tor Books,США,2008,,,английский язык,
Q21520132,Год призраков,Джеффри Форд,Уильям Морроу,,2008,,,английский язык,
Q3278440,Город праха,Кассандра Клэр,Simon & Schuster,США,2008,,544,английский язык,
Q6191013,Джагала,Стивен Браст,Tor Books,США,2008,,,английский язык,
Q6124923,Джейк Рэнсом и Король Черепов,Джеймс Роллинс,HarperCollins,США,2008,,,английский язык,
Q4741333,Дитя мёртвых Богов,Маргарет Уэйс,"TSR, Inc.",США,2008,,,английский язык,
Q6673235,Длинные тени (Коты-Воители),Эрин Хантер,HarperCollins,США,2008,,,английский язык,
Q5189898,Жестокие цинковые мелодии,Глен Кук,Roc Books,США,2008,,,английский язык,
Q7536897,Игра с огнём,Дерек Лэнди,HarperCollins,США,2008,,,английский язык,
Q6035299,Иные песни,Яцек Дукай,Wydawnictwo Literackie,Польша,2008,,,польский язык,
Q5451484,Испытание огнём,Maria V. Snyder,Mira Books,Канада,2008,,,английский язык,
Q4712973,Киборги Нотариуса,Брендон Сандерсон,Scholastic Corporation,США,2008,,,английский язык,
Q3227114,Клятвопреступник,Мишель Пейвер,Orion Publishing Group,Великобритания,2008,,,английский язык,
Q17024064,Король пиратов,Роберт Сальваторе,Wizards of the Coast,США,2008,,,английский язык,
Q4927654,Кровь Нуар,Лорел Гамильтон,Berkley Books,США,2008,,,американский вариант английского языка,
Q904193,Ледяной укус,Райчел Мид,Penguin Group,Великобритания,2008,,,английский язык,
Q3041839,Меченый,Peter V. Brett,HarperCollins,США,2008,,,американский вариант английского языка,
Q3041839,Меченый,Peter V. Brett,HarperCollins,США,2008,,,английский язык,
Q7460417,На краю тени,Брент Уикс,Orbit Books,,2008,,,английский язык,
Q7719418,Настоящая королева,Грегори Киз,Del Rey Books,,2008,,,английский язык,
Q2457943,Одарённая,Kristin Cashore,Harcourt,США,2008,,,английский язык,
Q7077444,Одд и ледяные великаны,Нил Гейман,Bloomsbury Publishing,Великобритания,2008,,,английский язык,
Q7743774,Око Судии,Ричард Скотт Бэккер,The Overlook Press,США,2008,,,английский язык,
Q7111897,Отверженные (Коты-Воители),Эрин Хантер,HarperCollins,США,2008,,,английский язык,
Q3203201,Ошибка Ведьмака,Джозеф Дилейни,Bodley Head,Великобритания,2008,,,английский язык,
Q3203201,Ошибка Ведьмака,Джозеф Дилейни,Random House,США,2008,,,английский язык,
Q1991641,Перси Джексон и лабиринт смерти,Рик Риордан,Hyperion Books,США,2008,,,английский язык,
Q896822,По ту сторону Тёмного Портала,Aaron S. Rosenberg,Pocket Books,США,2008,,,английский язык,
Q896822,По ту сторону Тёмного Портала,Кристи Голден,Pocket Books,США,2008,,,английский язык,
Q4900190,По ту сторону тени,Брент Уикс,Orbit Books,,2008,,,английский язык,
Q7767300,Повелевающая,Келли Армстронг,HarperCollins,США,2008,,,английский язык,
Q3470757,Превосходная Суббота,Гарт Никс,Scholastic Corporation,США,2008,,,английский язык,
Q1197946,Путь тени,Брент Уикс,Orbit Books,,2008,,,английский язык,
Q7142453,Разделяющий нож: В пути,Лоис Макмастер Буджолд,HarperCollins,США,2008,,,английский язык,
Q53945,Рассвет,Стефани Майер,"Little, Brown and Company",США,2008,,,английский язык,
Q165068,Сказки барда Бидля,Джоан Роулинг,Bloomsbury Publishing,Великобритания,2008,,,английский язык,
Q3819068,Странствующий Морф,Терренс Дин Брукс,Del Rey Books,,2008,,,английский язык,
Q7244429,Фурия Принцепса,Джим Батчер,Ace Books,США,2008,,,английский язык,
Q718289,Эрагон. Брисингр,Кристофер Паолини,Alfred A. Knopf,США,2008,,,английский язык,
Q11748410,Q11748410,Евгений Дембский,Fabryka Słów,Польша,2007,,,польский язык,
Q11791498,Q11791498,Евгений Дембский,Fabryka Słów,Польша,2007,,,польский язык,
Q4883405,Belladonna,Anne Bishop,Roc Books,США,2007,,,английский язык,
Q1130867,Blade of Fire,Стюарт Хилл,The Chicken House,Великобритания,2007,,,английский язык,
Q4927561,Blood Beast,Даррен О’Шонесси,HarperCollins,США,2007,,,английский язык,
Q5197656,Cybele's Secret,Juliet Marillier,Macmillan Publishers,Великобритания,2007,,,английский язык,
Q5305240,Dragon Moon,Carole Wilkinson,Black Dog Books,Австралия,2007,,,английский язык,
Q5305440,Dragonsdale,The Two Steves,Scholastic Corporation,США,2007,,,английский язык,
Q2024347,Empire of Ivory,Наоми Новик,HarperCollins,США,2007,,,английский язык,
Q5374676,Empress of Mijak,Карен Миллер,HarperCollins,США,2007,,,английский язык,
Q3497559,Erak's Ransom,Джон Флэнеган,Random House,США,2007,,,английский язык,
Q5417292,Everlost,Нил Шустерман,Simon & Schuster,США,2007,,,английский язык,
Q109523246,Fangtastic!,Sienna Mercer,HarperTrophy,,2007,,,английский язык,
Q5439543,Feast of Souls,Celia S. Friedman,DAW Books,США,2007,,,английский язык,
Q5442428,Fell,Давид Дэвис,Abrams Books,США,2007,,,английский язык,
Q5451348,Fire Dreamer,Beth Webb,Macmillan Publishers,Великобритания,2007,,,английский язык,
Q5472845,Fortune's Fool,Mercedes Lackey,Harlequin Enterprises,Канада,2007,,,английский язык,
Q5577894,Going to Ground,Эли Спаркс,Издательство Оксфордского университета,Великобритания,2007,,,английский язык,
Q5694519,Heaven's Net is Wide,Джиллиан Рубинштейн,Hachette,Франция,2007,,,английский язык,
Q5694519,Heaven's Net is Wide,Джиллиан Рубинштейн,Macmillan Publishers,Великобритания,2007,,,английский язык,
Q6322734,K-PAX IV: A New Visitor from the Constellation Lyra,Джин Брюэр,Xlibris,,2007,,,английский язык,
Q6447939,Kushiel's Justice,Жаклин Кэри,Hachette Book Group,США,2007,,,английский язык,
Q6736735,Mainspring,Джей Лэйк,Tor Books,США,2007,,,английский язык,
Q16953839,Mr. Magorium's Wonder Emporium,Сьюзан Уэйн,Scholastic Corporation,США,2007,,,английский язык,
Q6945026,My Big Fat Supernatural Honeymoon,P. N. Elrod,St. Martin's Press,США,2007,,,английский язык,
Q167010,Nightrise,Энтони Горовиц,Walker Books,Великобритания,2007,,,британский вариант английского языка,
Q7048453,Noman,Уильям Николсон,Egmont,Дания,2007,,,английский язык,
Q109564408,Re-Vamped!,Sienna Mercer,HarperTrophy,,2007,,,английский язык,
Q2918936,Sebastian Darke: Prince of Fools,Philip Caveney,Random House,США,2007,,,английский язык,
Q7445761,Seeing Redd,Фрэнк Бэддор,Dial Press,США,2007,,,английский язык,
Q3285533,Stoneheart,Чарли Флетчер,Headline Publishing Group,Великобритания,2007,,,английский язык,
Q109465992,Switched,Sienna Mercer,HarperTrophy,,2007,,,английский язык,
Q7703804,Territory,Emma Bull,Tor Books,США,2007,,,английский язык,
Q7733077,The Faerie Path,Allan Frewin Jones,Eos Press,США,2007,,,английский язык,
Q7734008,The Fire Eternal,Chris d'Lacey,Scholastic Corporation,США,2007,,,английский язык,
Q7734008,The Fire Eternal,Chris d'Lacey,Orchard Books,,2007,,,английский язык,
Q7735090,The Fox,Шервуд Смит,DAW Books,США,2007,,,английский язык,
Q7735702,The Game,Диана Уинн Джонс,HarperCollins,США,2007,,,английский язык,
Q7735702,The Game,Диана Уинн Джонс,Firebird Books,США,2007,,,английский язык,
Q7736770,The Glitch in Sleep,John Hulme,Bloomsbury Publishing,Великобритания,2007,,,английский язык,
Q7739597,The High King's Tomb,Kristen Britain,DAW Books,США,2007,,,английский язык,
Q7745409,The Land of the Silver Apples,Nancy Farmer,Atheneum Books,США,2007,,,английский язык,
Q390030,The Lost Barkscrolls,Пол Стюарт,Doubleday,США,2007,,,английский язык,
Q390030,The Lost Barkscrolls,Крис Риддел,Doubleday,США,2007,,,английский язык,
Q7750664,The Mathematics of Magic: The Enchanter Stories of L. Sprague de Camp and Fletcher Pratt,Флетчер Прэтт,NESFA Press,США,2007,,,английский язык,
Q7750664,The Mathematics of Magic: The Enchanter Stories of L. Sprague de Camp and Fletcher Pratt,Лайон Спрэг де Камп,NESFA Press,США,2007,,,английский язык,
Q7751657,The Mirador,Сара Монетт,Ace Books,США,2007,,,английский язык,
Q7756979,The Phoenix Unchained,Mercedes Lackey,Tor Books,США,2007,,,английский язык,
Q427069,The Pilgrims of Rayne,Ди Джей Макхейл,Simon & Schuster,США,2007,,,английский язык,
Q7758280,The Princes of the Golden Cage,Nathalie Mallet,Night Shade Books,США,2007,,,английский язык,
Q7760895,The Rise of the Black Wolf,J. S. Lewis,Scholastic Corporation,США,2007,,,английский язык,
Q7760895,The Rise of the Black Wolf,Derek Benz,Scholastic Corporation,США,2007,,,английский язык,
Q7760895,The Rise of the Black Wolf,J. S. Lewis,Orchard Books,,2007,,,английский язык,
Q7760895,The Rise of the Black Wolf,Derek Benz,Orchard Books,,2007,,,английский язык,
Q7760968,The Riven Kingdom,Карен Миллер,HarperCollins,США,2007,,,английский язык,
Q7763588,The Shadowmancer Returns: The Curse of Salamander Street,G. P. Taylor,Faber and Faber,Великобритания,2007,,,английский язык,
Q16955806,The Summoner,Gail Z. Martin,Solaris Books,Великобритания,2007,,,английский язык,
Q7768681,The Thief Queen's Daughter,Элизабет Хэйдон,Starscape,,2007,,,английский язык,
Q7805476,Time to Smell the Roses,Michael Hoeye,G. P. Putnam's Sons,США,2007,,,английский язык,
Q7921127,Verdigris Deep,Фрэнсис Хардинг,Macmillan Publishers,Великобритания,2007,,,английский язык,
Q30914579,Wit and Wisdom of Discworld,Stephen Briggs,Doubleday,США,2007,,,английский язык,
Q30914579,Wit and Wisdom of Discworld,Терри Пратчетт,Doubleday,США,2007,,,английский язык,
Q8029757,Wolf's Blood,Джейн Линдсколд,Tor Books,США,2007,,,английский язык,
Q8036689,Worldbinder,Дэйв Волвертон,Tor Books,США,2007,,,английский язык,
Q896861,World of Warcraft: Tides of Darkness,Aaron S. Rosenberg,Pocket Books,США,2007,,,английский язык,
Q886816,Академия вампиров,Райчел Мид,Penguin Group,Великобритания,2007,,,английский язык,
Q7033903,Академия кошмаров,Дин Лори,HarperCollins,США,2007,,,английский язык,
Q525132,Алхимик,Майкл Скотт,Random House,США,2007,,,английский язык,
Q2832091,Алькатрас и Пески Рашида,Брендон Сандерсон,Scholastic Corporation,США,2007,,,английский язык,
Q3222494,"Апокалипсис Нонетот, или Первый среди сиквелов",Джаспер Ффорде,Hodder & Stoughton,Великобритания,2007,,,британский вариант английского языка,
Q7995102,Белая ночь,Джим Батчер,Roc Books,США,2007,,,английский язык,
Q1657842,Бесстрашная Игрэйн,Корнелия Функе,The Chicken House,Великобритания,2007,,,немецкий язык,
Q3221621,Битва Ведьмака,Джозеф Дилейни,Bodley Head,Великобритания,2007,,,английский язык,
Q3221621,Битва Ведьмака,Джозеф Дилейни,Random House,США,2007,,,английский язык,
Q7301415,Буря Жнеца,Стивен Эриксон,Bantam Books,США,2007,,,английский язык,
Q7301415,Буря Жнеца,Стивен Эриксон,Tor Books,США,2007,,,английский язык,
Q7429764,Весы Великого Змея,Ричард Кнаак,Pocket Books,США,2007,,,английский язык,
Q589106,Город костей,Кассандра Клэр,Simon & Schuster,США,2007,,,английский язык,
Q18275498,Грегор и код когтя,Сьюзен Коллинз,Scholastic Corporation,США,2007,,,английский язык,
Q1178177,Грязная работа,Кристофер Мур,HarperCollins,США,2007,,,английский язык,
Q331651,Дети Хурина,Джон Рональд Руэл Толкин,HarperCollins,США,2007,,,английский язык,
Q331651,Дети Хурина,Джон Рональд Руэл Толкин,Houghton Mifflin Harcourt,США,2007,,,английский язык,
Q5320035,Дзур,Стивен Браст,Tor Books,США,2007,,,английский язык,
Q5305434,Драконы Повелительницы Небес,Трейси Хикмен,Wizards of the Coast,США,2007,,,английский язык,
Q5305434,Драконы Повелительницы Небес,Маргарет Уэйс,Wizards of the Coast,США,2007,,,английский язык,
Q7091810,Загадочное убийство,Майкл Бакли,Abrams Books,США,2007,,,английский язык,
Q212473,Затмение,Стефани Майер,"Little, Brown and Company",США,2007,,,английский язык,
Q3561026,Знак Трёх,Эрин Хантер,HarperCollins,США,2007,,,английский язык,
Q8059676,Изабель,Гай Гэвриел Кей,Penguin Group,Великобритания,2007,,,английский язык,
Q7887976,Изгнанник,Мишель Пейвер,Orion Publishing Group,Великобритания,2007,,,английский язык,
Q1195989,Имя ветра,Патрик Ротфусс,DAW Books,США,2007,,,английский язык,
Q3149820,Инкарцерон,Кэтрин Фишер,Hodder & Stoughton,Великобритания,2007,,,английский язык,
Q3149820,Инкарцерон,Кэтрин Фишер,Penguin Books,Великобритания,2007,,,английский язык,
Q2062781,Источник вознесения,Брендон Сандерсон,Tor Books,США,2007,,,английский язык,
Q15032968,"Книга демона, или Исчезновение мистера Б.",Клайв Баркер,HarperCollins,США,2007,,,английский язык,
Q1498216,Коварная красота,Мелисса Марр,HarperCollins,США,2007,,,английский язык,
Q17024063,Король орков,Роберт Сальваторе,Wizards of the Coast,США,2007,,,английский язык,
Q467388,Купец и волшебные врата,Тед Чан,Subterranean Press,США,2007,,,английский язык,
Q2410046,Леди Пятница,Гарт Никс,Allen & Unwin,Австралия,2007,,,английский язык,
Q2410046,Леди Пятница,Гарт Никс,HarperCollins,США,2007,,,английский язык,
Q2410046,Леди Пятница,Гарт Никс,Scholastic Corporation,США,2007,,,английский язык,
Q7772127,Лжепророк,Ричард Кнаак,Pocket Books,США,2007,,,английский язык,
Q1823619,Магия отступника,Робин Хобб,HarperCollins,США,2007,,,английский язык,
Q7746613,"Места, где не до смеха",Стивен Эриксон,PS Publishing,Великобритания,2007,,,английский язык,
Q3612368,Миссия,Уилбур Смит,Macmillan Publishers,Великобритания,2007,,,английский язык,
Q5451961,Миссия Огнезвёзда (Коты-Воители),Эрин Хантер,HarperCollins,США,2007,,,английский язык,
Q3060319,Непобедимая Моди,Брайан Джейкс,Penguin Books,Великобритания,2007,,,английский язык,
Q3499638,Осада Макиндо,Джон Флэнеган,Random House,США,2007,,,английский язык,
Q3821543,Падение царей,Дэвид Геммел,Bantam Press,Великобритания,2007,,,английский язык,
Q3821543,Падение царей,Stella Gemmell,Bantam Press,Великобритания,2007,,,английский язык,
Q1140036,Перси Джексон и Проклятие титана,Рик Риордан,Hyperion Books,США,2007,,,английский язык,
Q1140036,Перси Джексон и Проклятие титана,Рик Риордан,Miramax Books,,2007,,,английский язык,
Q7197795,Пират,Джин Вулф,Tor Books,США,2007,,,английский язык,
Q7177877,Питер Пэн и тайна Рандуна,Ридли Пирсон,Hyperion Books,США,2007,,,английский язык,
Q7177877,Питер Пэн и тайна Рандуна,Дэйв Барри,Hyperion Books,США,2007,,,английский язык,
Q2320018,Последнее правило волшебника,Терри Гудкайнд,Tor Books,США,2007,,,английский язык,
Q7767625,Прекрасное далёко,Libba Bray,Random House,США,2007,,,английский язык,
Q10381475,Пёс-оборотень и колдовская академия,Henry H. Neff,Random House,США,2007,,,английский язык,
Q13099400,Разделяющий нож: Наследие,Лоис Макмастер Буджолд,HarperCollins,США,2007,,,английский язык,
Q7379842,Рунная магия,Джоанн Харрис,Doubleday,США,2007,,,английский язык,
Q1848502,Скелетжер Ловкач,Дерек Лэнди,HarperCollins,США,2007,,,английский язык,
Q7765188,Сомнамбулист,Джонатан Барнс,HarperCollins,США,2007,,,английский язык,
Q2319431,Страна призраков,Уильям Гибсон,G. P. Putnam's Sons,США,2007,,,американский вариант английского языка,
Q2319431,Страна призраков,Уильям Гибсон,G. P. Putnam's Sons,США,2007,,,английский язык,
Q2319431,Страна призраков,Уильям Гибсон,Viking Press,США,2007,,,американский вариант английского языка,
Q2319431,Страна призраков,Уильям Гибсон,Viking Press,США,2007,,,английский язык,
Q17017552,Тайна рукописи,Karen Marie Moning,Dell Publishing,США,2007,,,английский язык,
Q7782176,Теодосия и Сердце Египта,R. L. LaFevers,Houghton Mifflin Harcourt,США,2007,,,английский язык,
Q5223380,Тёмная река (Коты-Воители),Эрин Хантер,HarperCollins,США,2007,,,английский язык,
Q3016355,Тёмное крыло,Кеннет Оппель,HarperCollins,США,2007,,,английский язык,
Q5036488,Фурия Капитана,Джим Батчер,Ace Books,США,2007,,,английский язык,
Q2632128,Чернильная смерть,Корнелия Функе,Scholastic Corporation,США,2007,,,английский язык,
Q2632128,Чернильная смерть,Корнелия Функе,Scholastic Corporation,США,2007,,,немецкий язык,
Q952392,Чудовище,Алекс Флинн,HarperCollins,США,2007,,,английский язык,
Q3772083,Эльфы Цинтры,Терренс Дин Брукс,Del Rey Books,,2007,,,английский язык,
Q11798532,Q11798532,Andrzej Pilipiuk,Fabryka Słów,Польша,2006,,,польский язык,
Q6126676,Q6126676,Javier Negrete,Ediciones Minotauro,Испания,2006,,,испанский язык,
Q9373408,Q9373408,Andrzej Pilipiuk,Fabryka Słów,Польша,2006,,,польский язык,
Q4883394,Bella at Midnight,Diane Stanley,HarperCollins,США,2006,,,английский язык,
Q2954362,Black Powder War,Наоми Новик,Del Rey Books,,2006,,,американский вариант английского языка,
Q2954362,Black Powder War,Наоми Новик,Del Rey Books,,2006,,,английский язык,
Q935379,Blart: The Boy Who Didn't Want to Save the World,Dominic Barker,Bloomsbury Publishing,Великобритания,2006,,,английский язык,
Q4973296,Broken,Келли Армстронг,Bantam Spectra,США,2006,,,английский язык,
Q5057512,Celandine,Стив Огард,David Fickling Books,Великобритания,2006,,,английский язык,
Q5072828,Chaotic,Келли Армстронг,Viking Press,США,2006,,,английский язык,
Q1073216,Endymion Spring,Мэтью Скелтон,Dell Publishing,США,2006,,,английский язык,
Q5449975,Finding the Fox,Эли Спаркс,Издательство Оксфордского университета,Великобритания,2006,,,английский язык,
Q5469687,Forging the Sword,Hilari Bell,Simon & Schuster,США,2006,,,английский язык,
Q16962451,Godslayer,Жаклин Кэри,Tor Books,США,2006,,,английский язык,
Q5587471,Gossamer,Лоис Лоури,Houghton Mifflin Harcourt,США,2006,,,английский язык,
Q106722479,Guardian of Heaven and Earth,Нахоко Уэхаси,Kaiseisha,Япония,2006,,,японский язык,
Q6146697,"Here, There Be Dragons",James A. Owen,Simon & Schuster,США,2006,,,английский язык,
Q5897211,Honoured Enemy,Q838661,HarperCollins,США,2006,,,английский язык,
Q5897211,Honoured Enemy,Раймонд Фэйст,HarperCollins,США,2006,,,английский язык,
Q5980098,I am the Great Horse,Katherine Roberts,Scholastic Corporation,США,2006,,,английский язык,
Q6015602,Inda,Шервуд Смит,DAW Books,США,2006,,,английский язык,
Q2297904,Into a Dark Realm,Раймонд Фэйст,HarperCollins,США,2006,,,английский язык,
Q6154086,Jango,Уильям Николсон,Egmont,Дания,2006,,,английский язык,
Q3796123,Kushiel's Scion,Жаклин Кэри,Hachette Book Group,США,2006,,,английский язык,
Q6902688,Monster Blood Tattoo: Foundling,D. M. Cornish,G. P. Putnam's Sons,США,2006,,,английский язык,
Q6902691,Monster Blood Tattoo: Lamplighter,D. M. Cornish,G. P. Putnam's Sons,США,2006,,,английский язык,
Q6946484,My Swordhand Is Singing,Marcus Sedgwick,Orion Publishing Group,Великобритания,2006,,,английский язык,
Q7092671,One Good Knight,Mercedes Lackey,Harlequin Enterprises,Канада,2006,,,английский язык,
Q7197848,Pirateology: A Pirate Hunter's Companion,Dugald Steer,Bonnier Group,Швеция,2006,,,английский язык,
Q7337791,River Secrets,Shannon Hale,Bloomsbury Publishing,Великобритания,2006,,,английский язык,
Q7442356,Sebastian,Anne Bishop,Roc Books,США,2006,,,английский язык,
Q837489,Slawter,Даррен О’Шонесси,HarperCollins,США,2006,,,английский язык,
Q7558882,Solstice Wood,Патриция Маккиллип,Ace Books,США,2006,,,английский язык,
Q7600693,Star Dancer,Beth Webb,Macmillan Publishers,Великобритания,2006,,,английский язык,
Q7620065,Stork Naked,Пирс Энтони,Tor Books,США,2006,,,английский язык,
Q7713113,The Alien Sea,Lucien Soulban,Wizards of the Coast,США,2006,,,английский язык,
Q7720106,The Brief History of the Dead,Кевин Брокмейер,Pantheon Books,США,2006,,,английский язык,
Q7723359,The Cleopatra Curse,Katherine Roberts,HarperCollins,США,2006,,,английский язык,
Q7738945,The Harsh Cry of the Heron,Джиллиан Рубинштейн,Hachette,Франция,2006,,,английский язык,
Q7744538,The King of Attolia,Megan Whalen Turner,HarperCollins,США,2006,,,английский язык,
Q7746144,The Last Unicorn: The Lost Version,Питер Бигл,Subterranean Press,США,2006,,,английский язык,
Q3233420,The Quillan Games,Ди Джей Макхейл,Simon & Schuster,США,2006,,,английский язык,
Q7769814,The Toyminator,Роберт Рэнкин,Victor Gollancz,Великобритания,2006,,,английский язык,
Q7771762,The Unwritten Girl,James Bow,Dundurn Press,Канада,2006,,,английский язык,
Q7772171,The Vengeance of Rome,Майкл Муркок,Jonathan Cape,Великобритания,2006,,,английский язык,
Q7772837,The Virtu,Сара Монетт,Ace Books,США,2006,,,английский язык,
Q12406647,The Whale of Babylon,Хагар Янай,Keter Books,,2006,,,иврит,
Q7784113,Thieves of Blood,Tim Waggoner,Wizards of the Coast,США,2006,,,английский язык,
Q7804547,Tim the Tiny Horse,Гарри Хилл,Faber and Faber,Великобритания,2006,,,английский язык,
Q7832757,Trail of the Black Wyrm,Chris Pierson,Wizards of the Coast,США,2006,,,английский язык,
Q7846441,Trouble Under Oz,Шервуд Смит,HarperCollins,США,2006,,,английский язык,
Q14876643,Voyage of Slaves,Брайан Джейкс,Puffin Books,Великобритания,2006,,,английский язык,
Q5297337,Warrior,Marie Brennan,Hachette Book Group,США,2006,,,английский язык,
Q7992450,When Darkness Falls,Mercedes Lackey,Tor Books,США,2006,,,английский язык,
Q8001569,Wildwood Dancing,Juliet Marillier,Macmillan Publishers,Великобритания,2006,,,английский язык,
Q8029849,Wolf Hunting,Джейн Линдсколд,Tor Books,США,2006,,,английский язык,
Q8029968,Wolfcry,Amelia Atwater-Rhodes,Dell Publishing,США,2006,,,английский язык,
Q2665494,Артемис Фаул. Затерянный мир,Оуэн Колфер,Puffin Books,Великобритания,2006,,,гиберно-английский язык,
Q3206518,Битва галеонов,Пол Стюарт,Doubleday,США,2006,,,английский язык,
Q3206518,Битва галеонов,Крис Риддел,Doubleday,США,2006,,,английский язык,
Q7737348,Взгляд горгоны,Julia Golding,Издательство Оксфордского университета,Великобритания,2006,,,английский язык,
Q7099231,Возвращение королевы,Линн Флевелинг,HarperCollins,США,2006,,,английский язык,
Q3498434,Волшебник Севера,Джон Флэнеган,Random House,США,2006,,,английский язык,
Q7757180,Волшебное наследство,Диана Уинн Джонс,HarperCollins,США,2006,,,английский язык,
Q1066455,Восход луны,Эрин Хантер,HarperCollins,США,2006,,,английский язык,
Q1066455,Восход луны,Черит Болдри,HarperCollins,США,2006,,,английский язык,
Q1066455,Восход луны,Эрин Хантер,Олма медиа групп,,2006,,,английский язык,
Q1066455,Восход луны,Черит Болдри,Олма медиа групп,,2006,,,английский язык,
Q5606696,Грегор и тайный знак,Сьюзен Коллинз,Scholastic Corporation,США,2006,,,английский язык,
Q3819612,Грозовой щит,Дэвид Геммел,Bantam Press,Великобритания,2006,,,английский язык,
Q2206176,Десятое правило волшебника,Терри Гудкайнд,Tor Books,США,2006,,,английский язык,
Q3790813,Дети Армагеддона,Терренс Дин Брукс,Del Rey Books,,2006,,,английский язык,
Q3044395,Дивный заповедник. Пленник Забытой часовни,Brandon Mull,Shadow Mountain,,2006,,,английский язык,
Q7252324,Доказательство вины,Джим Батчер,Roc Books,США,2006,,,английский язык,
Q18708818,Дорога Патриарха,Роберт Сальваторе,Wizards of the Coast,США,2006,,,английский язык,
Q5305435,Драконы подземелий,Трейси Хикмен,Wizards of the Coast,США,2006,,,английский язык,
Q5305435,Драконы подземелий,Маргарет Уэйс,Wizards of the Coast,США,2006,,,английский язык,
Q7641199,Закат,Эрин Хантер,HarperCollins,США,2006,,,английский язык,
Q7602070,Звёздный свет (Коты-Воители),Эрин Хантер,HarperCollins,США,2006,,,английский язык,
Q7718664,Кровавый рыцарь,Грегори Киз,Del Rey Books,,2006,,,английский язык,
Q3986014,Кровь и железо,Джо Аберкромби,Victor Gollancz,Великобритания,2006,,,английский язык,
Q2025199,Лесной маг,Робин Хобб,HarperCollins,США,2006,,,английский язык,
Q2025199,Лесной маг,Робин Хобб,Eos,,2006,,,английский язык,
Q7758429,Меч Чёрного рыцаря,Майкл Бакли,Abrams Books,США,2006,,,английский язык,
Q3704530,Окончательно мёртв,Шарлин Харрис,Ace Books,США,2006,,,английский язык,
Q630382,Охотники за костями,Стивен Эриксон,Bantam Books,США,2006,,,английский язык,
Q630382,Охотники за костями,Стивен Эриксон,Tor Books,США,2006,,,английский язык,
Q901384,Перси Джексон и Море чудовищ,Рик Риордан,Hyperion Books,США,2006,,,английский язык,
Q901384,Перси Джексон и Море чудовищ,Рик Риордан,Miramax Books,,2006,,,английский язык,
Q2975279,Питер Пэн в багровых тонах,Джеральдин Маккорин,Издательство Оксфордского университета,Великобритания,2006,,,английский язык,
Q3976873,Пожиратель душ,Мишель Пейвер,Orion Publishing Group,Великобритания,2006,,,английский язык,
Q939223,Полёт дракона,Angie Sage,HarperCollins,США,2006,,,английский язык,
Q939223,Полёт дракона,Angie Sage,Bloomsbury Publishing,Великобритания,2006,,,английский язык,
Q7828657,Прикоснись ко тьме,Karen Chance,Roc Books,США,2006,,,английский язык,
Q4741335,Проклятие мёртвых богов,Маргарет Уэйс,Random House,США,2006,,,английский язык,
Q4880609,Разделяющий нож: Приманка,Лоис Макмастер Буджолд,HarperCollins,США,2006,,,английский язык,
Q7738728,Рука дьявола,Dean Vincent Carter,Bodley Head,Великобритания,2006,,,английский язык,
Q5430113,Самая красивая,Gail Carson Levine,HarperCollins,США,2006,,,английский язык,
Q3227012,Секрет Ведьмака,Джозеф Дилейни,Bodley Head,Великобритания,2006,,,английский язык,
Q3227012,Секрет Ведьмака,Джозеф Дилейни,Random House,США,2006,,,английский язык,
Q7557345,Солдат Сидона,Джин Вулф,Tor Books,США,2006,,,английский язык,
Q7857973,Сумерки (Коты-Воители),Эрин Хантер,HarperCollins,США,2006,,,английский язык,
Q3177964,Сэр Четверг,Гарт Никс,Scholastic Corporation,США,2006,,,английский язык,
Q7444178,Тайны сирен,Julia Golding,Издательство Оксфордского университета,Великобритания,2006,,,английский язык,
Q5195326,Фурия Курсора,Джим Батчер,Ace Books,США,2006,,,английский язык,
Q4506839,Чайльд Морган,Кэтрин Куртц,Ace Books,США,2006,,,английский язык,
Q7718457,Чёрная татуировка,Sam Enthoven,Doubleday,США,2006,,,английский язык,
Q3222166,Q3222166,"Де Мари, Сильвана",Salani,Италия,2005,,,итальянский язык,
Q9248372,Q9248372,Andrzej Pilipiuk,Fabryka Słów,Польша,2005,,,польский язык,
Q4646478,9tail Fox,Джон Кортней Гримвуд,Victor Gollancz,Великобритания,2005,,,английский язык,
Q1157125,Avalon High,Мэг Кэбот,HarperCollins,США,2005,,,английский язык,
Q4923767,Blades of the Tiger,Chris Pierson,Wizards of the Coast,США,2005,,,английский язык,
Q4999895,Burning Tower,Джерри Пурнель,Pocket Books,США,2005,,,английский язык,
Q4999895,Burning Tower,Ларри Нивен,Pocket Books,США,2005,,,английский язык,
Q16833811,Corby Flood,Пол Стюарт,Doubleday,США,2005,,,английский язык,
Q5223809,Darkwitch Rising,Sara Douglass,HarperCollins,США,2005,,,английский язык,
Q725030,Demon Thief,Даррен О’Шонесси,HarperCollins,США,2005,,,английский язык,
Q5436474,Farthest Reach,Ричард Ли Байерс,Wizards of the Coast,США,2005,,,английский язык,
Q5458359,Fledgling,Октавия Батлер,Seven Stories Press,США,2005,,,английский язык,
Q5522413,Garden of the Purple Dragon,Carole Wilkinson,Black Dog Books,Австралия,2005,,,английский язык,
Q6730839,Magic Street,Орсон Скотт Кард,Del Rey Books,,2005,,,английский язык,
Q545150,Magic for Beginners,Келли Линк,Small Beer Press,США,2005,,,английский язык,
Q6950081,Mélusine,Сара Монетт,Ace Books,США,2005,,,английский язык,
Q7044814,No Present Like Time,Steph Swainston,Victor Gollancz,Великобритания,2005,,,английский язык,
Q7077188,Od Magic,Патриция Маккиллип,Ace Books,США,2005,,,английский язык,
Q16959903,Odalisque,Fiona McIntosh,HarperCollins,США,2005,,,английский язык,
Q7103952,Orphans of Chaos,Джон Ч. Райт,Tor Books,США,2005,,,английский язык,
Q7171548,Pet Peeve,Пирс Энтони,Tor Books,США,2005,,,английский язык,
Q7244509,Princess Academy,Shannon Hale,Bloomsbury Publishing,Великобритания,2005,,,английский язык,
Q723231,Raven's Gate,Энтони Горовиц,Walker Books,Великобритания,2005,,,английский язык,
Q7316511,Resurrection,Пол Кемп,Wizards of the Coast,США,2005,,,английский язык,
Q7335947,Rise of a Hero,Hilari Bell,Simon & Schuster,США,2005,,,английский язык,
Q7460839,Shadows on the Stars,T. A. Barron,Philomel Books,США,2005,,,английский язык,
Q7539306,Slaves of the Mastery,Уильям Николсон,Independent Publishers Group,США,2005,,,английский язык,
Q7560688,Son of a Witch,Грегори Магуайр,ReganBooks,,2005,,,английский язык,
